{
  "label_aps": {
    "car": {
      "0.5": 0.05044956854195802,
      "1.0": 0.1741449942297901,
      "2.0": 0.2935833913429754,
      "4.0": 0.35947088423750273
    },
    "truck": {
      "0.5": 0.01638123549261697,
      "1.0": 0.1210751817427505,
      "2.0": 0.29029593663026676,
      "4.0": 0.48763950024360264
    },
    "bus": {
      "0.5": 0.0,
      "1.0": 0.024673444144061973,
      "2.0": 0.09620513993858922,
      "4.0": 0.13744642146000144
    },
    "trailer": {
      "0.5": 0.0,
      "1.0": 0.03578027544306455,
      "2.0": 0.16953990309882533,
      "4.0": 0.16953990309882533
    },
    "construction_vehicle": {
      "0.5": 0.0,
      "1.0": 0.15548300721704827,
      "2.0": 0.3598093025999501,
      "4.0": 0.3871195858500966
    },
    "pedestrian": {
      "0.5": 0.003140258549499374,
      "1.0": 0.01810533945122737,
      "2.0": 0.046647187044721455,
      "4.0": 0.08897845429691657
    },
    "motorcycle": {
      "0.5": 0.0,
      "1.0": 0.0,
      "2.0": 0.0006747069337385007,
      "4.0": 0.057602422581408304
    },
    "bicycle": {
      "0.5": 0.0,
      "1.0": 0.0,
      "2.0": 0.005452102599047784,
      "4.0": 0.023541164656938448
    },
    "traffic_cone": {
      "0.5": 0.2769497036534207,
      "1.0": 0.4547957745372129,
      "2.0": 0.526263499561714,
      "4.0": 0.5846647837898353
    },
    "barrier": {
      "0.5": 0.11590708614732496,
      "1.0": 0.41796104971220155,
      "2.0": 0.5144980184908149,
      "4.0": 0.5664183685267956
    }
  },
  "mean_dist_aps": {
    "car": 0.21941220958805657,
    "truck": 0.22884796352730924,
    "bus": 0.06458125138566316,
    "trailer": 0.0937150204101788,
    "construction_vehicle": 0.22560297391677375,
    "pedestrian": 0.03921780983559119,
    "motorcycle": 0.014569282378786701,
    "bicycle": 0.007248316813996558,
    "traffic_cone": 0.4606684403855458,
    "barrier": 0.4036961307192843
  },
  "mean_ap": 0.1757559398961186,
  "label_tp_errors": {
    "car": {
      "trans_err": 0.5749119690459749,
      "scale_err": 0.16779565206438177,
      "orient_err": 0.313276356780089,
      "vel_err": 0.9922038673956224,
      "attr_err": 0.1851391519374281
    },
    "truck": {
      "trans_err": 0.6923261500025042,
      "scale_err": 0.2454161300603531,
      "orient_err": 0.18140609154620363,
      "vel_err": 0.36261304218848295,
      "attr_err": 0.43538381559745815
    },
    "bus": {
      "trans_err": 0.7999748697238314,
      "scale_err": 0.20952929717583926,
      "orient_err": 0.3099111717305222,
      "vel_err": 1.5523717363180214,
      "attr_err": 0.573905310989222
    },
    "trailer": {
      "trans_err": 0.9097037314344799,
      "scale_err": 0.3614371496432264,
      "orient_err": 0.15409648537594184,
      "vel_err": 0.3894802078421474,
      "attr_err": 0.8910871946276034
    },
    "construction_vehicle": {
      "trans_err": 0.7619162695026894,
      "scale_err": 0.29648441151761357,
      "orient_err": 2.3858485314867584,
      "vel_err": 0.028372137401139197,
      "attr_err": 0.19220382271987654
    },
    "pedestrian": {
      "trans_err": 0.9898610078782514,
      "scale_err": 0.2833836314944262,
      "orient_err": 0.8536465984899901,
      "vel_err": 0.6805723296866302,
      "attr_err": 0.2332609367868397
    },
    "motorcycle": {
      "trans_err": 1.1061007385100894,
      "scale_err": 0.23879456474545332,
      "orient_err": 0.8151244223180553,
      "vel_err": 0.6030237544091211,
      "attr_err": 0.8179869423658336
    },
    "bicycle": {
      "trans_err": 1.0988639955547403,
      "scale_err": 0.2994855090325563,
      "orient_err": 0.6457530901051447,
      "vel_err": 1.5828059302884638,
      "attr_err": 0.32952884333648363
    },
    "traffic_cone": {
      "trans_err": 0.45943446579871716,
      "scale_err": 0.3725179117099303,
      "orient_err": NaN,
      "vel_err": NaN,
      "attr_err": NaN
    },
    "barrier": {
      "trans_err": 0.5889175851837544,
      "scale_err": 0.3745073562371831,
      "orient_err": 0.16043017811762147,
      "vel_err": NaN,
      "attr_err": NaN
    }
  },
  "tp_errors": {
    "trans_err": 0.7982010782635032,
    "scale_err": 0.2849351613680963,
    "orient_err": 0.6466103251055918,
    "vel_err": 0.7739303756912035,
    "attr_err": 0.45731200229509317
  },
  "tp_scores": {
    "trans_err": 0.20179892173649683,
    "scale_err": 0.7150648386319036,
    "orient_err": 0.3533896748944082,
    "vel_err": 0.2260696243087965,
    "attr_err": 0.5426879977049068
  },
  "nd_score": 0.2917790756757105,
  "eval_time": 7.606800556182861,
  "cfg": {
    "class_range": {
      "car": 50,
      "truck": 50,
      "bus": 50,
      "trailer": 50,
      "construction_vehicle": 50,
      "pedestrian": 40,
      "motorcycle": 40,
      "bicycle": 40,
      "traffic_cone": 30,
      "barrier": 30
    },
    "dist_fcn": "center_distance",
    "dist_ths": [
      0.5,
      1.0,
      2.0,
      4.0
    ],
    "dist_th_tp": 2.0,
    "min_recall": 0.1,
    "min_precision": 0.1,
    "max_boxes_per_sample": 500,
    "mean_ap_weight": 5
  },
  "meta": {
    "use_lidar": false,
    "use_camera": true,
    "use_radar": true,
    "use_map": false,
    "use_external": false
  }
}