{
  "label_aps": {
    "car": {
      "0.5": 0.025001818223241573,
      "1.0": 0.15636258674756748,
      "2.0": 0.3111901240876508,
      "4.0": 0.3894596953358067
    },
    "truck": {
      "0.5": 0.01880395728308874,
      "1.0": 0.23245888553704033,
      "2.0": 0.45248288774442896,
      "4.0": 0.6068382736591965
    },
    "bus": {
      "0.5": 0.0,
      "1.0": 0.056231487845833386,
      "2.0": 0.16693863621034552,
      "4.0": 0.2700348581234176
    },
    "trailer": {
      "0.5": 0.0,
      "1.0": 0.0,
      "2.0": 0.11651095950007094,
      "4.0": 0.19536483948942304
    },
    "construction_vehicle": {
      "0.5": 0.056594389742223604,
      "1.0": 0.3687829011277402,
      "2.0": 0.5243077400048259,
      "4.0": 0.5274152707001359
    },
    "pedestrian": {
      "0.5": 0.010332783988202204,
      "1.0": 0.03867762455142911,
      "2.0": 0.07670217901857244,
      "4.0": 0.1282000701740027
    },
    "motorcycle": {
      "0.5": 0.01015795156403051,
      "1.0": 0.06810305833092092,
      "2.0": 0.15468207149121557,
      "4.0": 0.2025282604723538
    },
    "bicycle": {
      "0.5": 0.0,
      "1.0": 0.003099618351960888,
      "2.0": 0.022324631896388183,
      "4.0": 0.05533835814998731
    },
    "traffic_cone": {
      "0.5": 0.4361533761028844,
      "1.0": 0.5953101485335234,
      "2.0": 0.665172163573445,
      "4.0": 0.7066960499006645
    },
    "barrier": {
      "0.5": 0.06495131757922928,
      "1.0": 0.2516088989535756,
      "2.0": 0.4083056851269553,
      "4.0": 0.484930008225303
    }
  },
  "mean_dist_aps": {
    "car": 0.22050355609856664,
    "truck": 0.32764600105593866,
    "bus": 0.12330124554489913,
    "trailer": 0.07796894974737349,
    "construction_vehicle": 0.3692750753937314,
    "pedestrian": 0.06347816443305161,
    "motorcycle": 0.1088678354646302,
    "bicycle": 0.020190652099584094,
    "traffic_cone": 0.6008329345276293,
    "barrier": 0.3024489774712658
  },
  "mean_ap": 0.22145133918366705,
  "label_tp_errors": {
    "car": {
      "trans_err": 0.6717683004533501,
      "scale_err": 0.1526328859896298,
      "orient_err": 0.24156107011987854,
      "vel_err": 0.9852491344691163,
      "attr_err": 0.20844924467153533
    },
    "truck": {
      "trans_err": 0.6873288935258794,
      "scale_err": 0.2276928878960125,
      "orient_err": 0.13096480095323995,
      "vel_err": 0.2945216915923908,
      "attr_err": 0.547581524932044
    },
    "bus": {
      "trans_err": 0.8307261997540129,
      "scale_err": 0.23762822075870463,
      "orient_err": 0.22229794470143194,
      "vel_err": 1.5082977398264288,
      "attr_err": 0.5001790410500222
    },
    "trailer": {
      "trans_err": 1.0625075087409412,
      "scale_err": 0.3825059795707248,
      "orient_err": 0.11788966517769454,
      "vel_err": 0.5506903554500144,
      "attr_err": 0.8201653039229447
    },
    "construction_vehicle": {
      "trans_err": 0.5789492541469883,
      "scale_err": 0.3057266369096904,
      "orient_err": 1.2839049336279535,
      "vel_err": 0.029382090673664707,
      "attr_err": 0.2679788163956557
    },
    "pedestrian": {
      "trans_err": 0.9776557246136488,
      "scale_err": 0.28645893237783626,
      "orient_err": 0.7772186679616191,
      "vel_err": 0.6365178971624833,
      "attr_err": 0.2313905845845061
    },
    "motorcycle": {
      "trans_err": 0.6528015404865981,
      "scale_err": 0.20957670167312242,
      "orient_err": 0.5163810283228247,
      "vel_err": 0.22796616144762277,
      "attr_err": 0.3783007252906133
    },
    "bicycle": {
      "trans_err": 1.0857708462776448,
      "scale_err": 0.3070275863813251,
      "orient_err": 0.4572925113449598,
      "vel_err": 0.7669798504898862,
      "attr_err": 0.1624967611381183
    },
    "traffic_cone": {
      "trans_err": 0.4003574931754282,
      "scale_err": 0.3348769096613939,
      "orient_err": NaN,
      "vel_err": NaN,
      "attr_err": NaN
    },
    "barrier": {
      "trans_err": 0.7218605763966675,
      "scale_err": 0.3388438738791609,
      "orient_err": 0.16492629310372836,
      "vel_err": NaN,
      "attr_err": NaN
    }
  },
  "tp_errors": {
    "trans_err": 0.7669726337571159,
    "scale_err": 0.27829706150976,
    "orient_err": 0.4347152128125923,
    "vel_err": 0.6249506151389509,
    "attr_err": 0.38956775024818
  },
  "tp_scores": {
    "trans_err": 0.23302736624288412,
    "scale_err": 0.72170293849024,
    "orient_err": 0.5652847871874077,
    "vel_err": 0.3750493848610491,
    "attr_err": 0.61043224975182
  },
  "nd_score": 0.36127534224517366,
  "eval_time": 7.035363435745239,
  "cfg": {
    "class_range": {
      "car": 50,
      "truck": 50,
      "bus": 50,
      "trailer": 50,
      "construction_vehicle": 50,
      "pedestrian": 40,
      "motorcycle": 40,
      "bicycle": 40,
      "traffic_cone": 30,
      "barrier": 30
    },
    "dist_fcn": "center_distance",
    "dist_ths": [
      0.5,
      1.0,
      2.0,
      4.0
    ],
    "dist_th_tp": 2.0,
    "min_recall": 0.1,
    "min_precision": 0.1,
    "max_boxes_per_sample": 500,
    "mean_ap_weight": 5
  },
  "meta": {
    "use_lidar": false,
    "use_camera": true,
    "use_radar": true,
    "use_map": false,
    "use_external": false
  }
}