{
  "label_aps": {
    "car": {
      "0.5": 0.2418614278428547,
      "1.0": 0.40562531566863097,
      "2.0": 0.4864567894254151,
      "4.0": 0.5127379290496574
    },
    "truck": {
      "0.5": 0.2414245590226439,
      "1.0": 0.4037565946457846,
      "2.0": 0.6010516923037822,
      "4.0": 0.8459806953410727
    },
    "bus": {
      "0.5": 0.06274650592320709,
      "1.0": 0.2764622468372098,
      "2.0": 0.4300249439278781,
      "4.0": 0.45353804517050184
    },
    "trailer": {
      "0.5": 0.009933907075289943,
      "1.0": 0.07753139387203713,
      "2.0": 0.9435957012674423,
      "4.0": 0.9691069676562253
    },
    "construction_vehicle": {
      "0.5": 0.47585125015541435,
      "1.0": 0.6366985380032939,
      "2.0": 0.6888586881955628,
      "4.0": 0.7348996586244396
    },
    "pedestrian": {
      "0.5": 0.050870632170015896,
      "1.0": 0.10794128886177436,
      "2.0": 0.16268238368803,
      "4.0": 0.20680612098742338
    },
    "motorcycle": {
      "0.5": 0.09382242755151116,
      "1.0": 0.18495308452205203,
      "2.0": 0.22588598022715048,
      "4.0": 0.22816403139409053
    },
    "bicycle": {
      "0.5": 0.10497498730768444,
      "1.0": 0.25119799664328424,
      "2.0": 0.32549601535677425,
      "4.0": 0.3265355148527016
    },
    "traffic_cone": {
      "0.5": 0.6615636764003934,
      "1.0": 0.7589376852498236,
      "2.0": 0.7918168560234439,
      "4.0": 0.8195380296879518
    },
    "barrier": {
      "0.5": 0.4307625386908682,
      "1.0": 0.7655072104550604,
      "2.0": 0.8119662622643669,
      "4.0": 0.8298265692848628
    }
  },
  "mean_dist_aps": {
    "car": 0.41167036549663955,
    "truck": 0.5230533853283208,
    "bus": 0.3056929354646992,
    "trailer": 0.5000419924677487,
    "construction_vehicle": 0.6340770337446777,
    "pedestrian": 0.13207510642681092,
    "motorcycle": 0.18320638092370106,
    "bicycle": 0.25205112854011114,
    "traffic_cone": 0.7579640618404032,
    "barrier": 0.7095156451737896
  },
  "mean_ap": 0.4409348035406902,
  "label_tp_errors": {
    "car": {
      "trans_err": 0.34737686594383405,
      "scale_err": 0.1476353874619339,
      "orient_err": 0.1438511984151414,
      "vel_err": 0.46764705865598927,
      "attr_err": 0.11395381499260468
    },
    "truck": {
      "trans_err": 0.4215485997047832,
      "scale_err": 0.18892984718392253,
      "orient_err": 0.08728437447018109,
      "vel_err": 0.2710000830222419,
      "attr_err": 0.3489879684931155
    },
    "bus": {
      "trans_err": 0.5613043786767803,
      "scale_err": 0.18603221984953786,
      "orient_err": 0.07582226312926992,
      "vel_err": 0.6075666297949897,
      "attr_err": 0.0022625679830346325
    },
    "trailer": {
      "trans_err": 0.944699283764413,
      "scale_err": 0.31321471660357203,
      "orient_err": 0.17273862320254516,
      "vel_err": 0.012468996080588988,
      "attr_err": 0.5934964157659537
    },
    "construction_vehicle": {
      "trans_err": 0.2660099300001695,
      "scale_err": 0.2846327048459643,
      "orient_err": 1.756990738363313,
      "vel_err": 0.033470503732171294,
      "attr_err": 0.17051132949328296
    },
    "pedestrian": {
      "trans_err": 0.7411800725406608,
      "scale_err": 0.28683607169971476,
      "orient_err": 0.6341647960241482,
      "vel_err": 0.49835303289239474,
      "attr_err": 0.13984660128117712
    },
    "motorcycle": {
      "trans_err": 0.37281208660281345,
      "scale_err": 0.22189065533872995,
      "orient_err": 0.4761158295855504,
      "vel_err": 0.17844979567620237,
      "attr_err": 0.3297089542969569
    },
    "bicycle": {
      "trans_err": 0.545389579068904,
      "scale_err": 0.2884564081757172,
      "orient_err": 0.3544630524239693,
      "vel_err": 0.7267349660915885,
      "attr_err": 0.15838217046089043
    },
    "traffic_cone": {
      "trans_err": 0.2747081703355745,
      "scale_err": 0.33654357848381383,
      "orient_err": NaN,
      "vel_err": NaN,
      "attr_err": NaN
    },
    "barrier": {
      "trans_err": 0.3397025731104929,
      "scale_err": 0.31048660989554255,
      "orient_err": 0.09426594903432171,
      "vel_err": NaN,
      "attr_err": NaN
    }
  },
  "tp_errors": {
    "trans_err": 0.4814731539748426,
    "scale_err": 0.2564658199538449,
    "orient_err": 0.42174409162760446,
    "vel_err": 0.3494613832432708,
    "attr_err": 0.23214372784587697
  },
  "tp_scores": {
    "trans_err": 0.5185268460251574,
    "scale_err": 0.7435341800461551,
    "orient_err": 0.5782559083723955,
    "vel_err": 0.6505386167567292,
    "attr_err": 0.767856272154123
  },
  "nd_score": 0.5463385841058012,
  "eval_time": 6.056720495223999,
  "cfg": {
    "class_range": {
      "car": 50,
      "truck": 50,
      "bus": 50,
      "trailer": 50,
      "construction_vehicle": 50,
      "pedestrian": 40,
      "motorcycle": 40,
      "bicycle": 40,
      "traffic_cone": 30,
      "barrier": 30
    },
    "dist_fcn": "center_distance",
    "dist_ths": [
      0.5,
      1.0,
      2.0,
      4.0
    ],
    "dist_th_tp": 2.0,
    "min_recall": 0.1,
    "min_precision": 0.1,
    "max_boxes_per_sample": 500,
    "mean_ap_weight": 5
  },
  "meta": {
    "use_lidar": false,
    "use_camera": true,
    "use_radar": true,
    "use_map": false,
    "use_external": false
  }
}