{
  "label_aps": {
    "car": {
      "0.5": 0.12058765640562506,
      "1.0": 0.2674518467656173,
      "2.0": 0.39032748039811727,
      "4.0": 0.4253767103830832
    },
    "truck": {
      "0.5": 0.12416010271177481,
      "1.0": 0.2358029402090224,
      "2.0": 0.49899958740707706,
      "4.0": 0.7466561262051296
    },
    "bus": {
      "0.5": 0.019030166939825947,
      "1.0": 0.14904951350084059,
      "2.0": 0.262307221726871,
      "4.0": 0.38356376061040937
    },
    "trailer": {
      "0.5": 0.0,
      "1.0": 0.0,
      "2.0": 0.6586923576624272,
      "4.0": 0.6586923576624272
    },
    "construction_vehicle": {
      "0.5": 0.16807610609033177,
      "1.0": 0.5754068218043703,
      "2.0": 0.6091926805156556,
      "4.0": 0.6432797461857465
    },
    "pedestrian": {
      "0.5": 0.03418113847213429,
      "1.0": 0.07640307447072696,
      "2.0": 0.12053419404058835,
      "4.0": 0.16700026067153792
    },
    "motorcycle": {
      "0.5": 0.07936593725284216,
      "1.0": 0.15001014285090714,
      "2.0": 0.20197394579652042,
      "4.0": 0.21232997629494704
    },
    "bicycle": {
      "0.5": 0.07887716013456772,
      "1.0": 0.21469692047497604,
      "2.0": 0.2868156076929345,
      "4.0": 0.2969168275203931
    },
    "traffic_cone": {
      "0.5": 0.667358131415752,
      "1.0": 0.7449343154241748,
      "2.0": 0.7776229763389375,
      "4.0": 0.8003950138110493
    },
    "barrier": {
      "0.5": 0.4581763928140528,
      "1.0": 0.7398430597550741,
      "2.0": 0.7928591336309156,
      "4.0": 0.8147638844297782
    }
  },
  "mean_dist_aps": {
    "car": 0.3009359234881107,
    "truck": 0.401404689133251,
    "bus": 0.20348766569448673,
    "trailer": 0.3293461788312136,
    "construction_vehicle": 0.49898883864902605,
    "pedestrian": 0.09952966691374687,
    "motorcycle": 0.16092000054880418,
    "bicycle": 0.21932662895571786,
    "traffic_cone": 0.7475776092474784,
    "barrier": 0.7014106176574553
  },
  "mean_ap": 0.36629278191192904,
  "label_tp_errors": {
    "car": {
      "trans_err": 0.4708046089556598,
      "scale_err": 0.1488567795571099,
      "orient_err": 0.17245516709632863,
      "vel_err": 0.7391815894636021,
      "attr_err": 0.15159759824286712
    },
    "truck": {
      "trans_err": 0.5199633012230942,
      "scale_err": 0.2120715716866689,
      "orient_err": 0.11306707777791034,
      "vel_err": 0.3479625059353802,
      "attr_err": 0.3943213834649523
    },
    "bus": {
      "trans_err": 0.636693234938365,
      "scale_err": 0.20086983790029117,
      "orient_err": 0.14557142798092226,
      "vel_err": 1.268607899892261,
      "attr_err": 0.40991791442759207
    },
    "trailer": {
      "trans_err": 1.0264195637273206,
      "scale_err": 0.3497153616388412,
      "orient_err": 0.21676904353724571,
      "vel_err": 0.18020297869327878,
      "attr_err": 0.7927209359141452
    },
    "construction_vehicle": {
      "trans_err": 0.46124345475987527,
      "scale_err": 0.2410325936534091,
      "orient_err": 1.6961980830469288,
      "vel_err": 0.0314154241959967,
      "attr_err": 0.24392157972333428
    },
    "pedestrian": {
      "trans_err": 0.8137053881031447,
      "scale_err": 0.29159958545738784,
      "orient_err": 0.694906559665141,
      "vel_err": 0.5636184200351448,
      "attr_err": 0.19037719533397715
    },
    "motorcycle": {
      "trans_err": 0.4062133649238919,
      "scale_err": 0.22393611805429722,
      "orient_err": 0.3694488646802908,
      "vel_err": 0.20199664284478666,
      "attr_err": 0.3268880469140042
    },
    "bicycle": {
      "trans_err": 0.5577621287442519,
      "scale_err": 0.3046577547956682,
      "orient_err": 0.37321650929248024,
      "vel_err": 0.7987990707422408,
      "attr_err": 0.15067962292186032
    },
    "traffic_cone": {
      "trans_err": 0.2711365130693288,
      "scale_err": 0.33676289735123416,
      "orient_err": NaN,
      "vel_err": NaN,
      "attr_err": NaN
    },
    "barrier": {
      "trans_err": 0.33982887646284415,
      "scale_err": 0.30677149855281377,
      "orient_err": 0.09919470066848615,
      "vel_err": NaN,
      "attr_err": NaN
    }
  },
  "tp_errors": {
    "trans_err": 0.5503770434907775,
    "scale_err": 0.2616273998647721,
    "orient_err": 0.43120304819397043,
    "vel_err": 0.5164730664753364,
    "attr_err": 0.3325530346178416
  },
  "tp_scores": {
    "trans_err": 0.44962295650922246,
    "scale_err": 0.7383726001352279,
    "orient_err": 0.5687969518060296,
    "vel_err": 0.4835269335246636,
    "attr_err": 0.6674469653821584
  },
  "nd_score": 0.4739230316916947,
  "eval_time": 6.37571120262146,
  "cfg": {
    "class_range": {
      "car": 50,
      "truck": 50,
      "bus": 50,
      "trailer": 50,
      "construction_vehicle": 50,
      "pedestrian": 40,
      "motorcycle": 40,
      "bicycle": 40,
      "traffic_cone": 30,
      "barrier": 30
    },
    "dist_fcn": "center_distance",
    "dist_ths": [
      0.5,
      1.0,
      2.0,
      4.0
    ],
    "dist_th_tp": 2.0,
    "min_recall": 0.1,
    "min_precision": 0.1,
    "max_boxes_per_sample": 500,
    "mean_ap_weight": 5
  },
  "meta": {
    "use_lidar": false,
    "use_camera": true,
    "use_radar": true,
    "use_map": false,
    "use_external": false
  }
}