{
  "label_aps": {
    "car": {
      "0.5": 0.22976823355696846,
      "1.0": 0.3962395949307066,
      "2.0": 0.47912894221833996,
      "4.0": 0.5061125792364753
    },
    "truck": {
      "0.5": 0.21957782706135665,
      "1.0": 0.3996695936536581,
      "2.0": 0.6115114377743773,
      "4.0": 0.8390422327836078
    },
    "bus": {
      "0.5": 0.04334537985818306,
      "1.0": 0.2758883965144275,
      "2.0": 0.4199786401826186,
      "4.0": 0.4585387489836814
    },
    "trailer": {
      "0.5": 0.0032468786601779057,
      "1.0": 0.05005215128416105,
      "2.0": 0.9895338124193848,
      "4.0": 0.9895338124193848
    },
    "construction_vehicle": {
      "0.5": 0.4493575506581356,
      "1.0": 0.6164178770034059,
      "2.0": 0.6653548966437605,
      "4.0": 0.7368658737767618
    },
    "pedestrian": {
      "0.5": 0.047569846385322086,
      "1.0": 0.10619554422393429,
      "2.0": 0.15951927134091468,
      "4.0": 0.20636318639303428
    },
    "motorcycle": {
      "0.5": 0.10043791771047392,
      "1.0": 0.18256563043788765,
      "2.0": 0.2203534753162528,
      "4.0": 0.2203534753162528
    },
    "bicycle": {
      "0.5": 0.09875561123298784,
      "1.0": 0.26496302933787297,
      "2.0": 0.3322302544544271,
      "4.0": 0.3363267731101564
    },
    "traffic_cone": {
      "0.5": 0.6648508224925809,
      "1.0": 0.7553092939513983,
      "2.0": 0.7868993449849013,
      "4.0": 0.8093590842541849
    },
    "barrier": {
      "0.5": 0.43854240738194905,
      "1.0": 0.7587752238692252,
      "2.0": 0.8022190576164079,
      "4.0": 0.8243916719940242
    }
  },
  "mean_dist_aps": {
    "car": 0.4028123374856226,
    "truck": 0.51745027281825,
    "bus": 0.29943779138472765,
    "trailer": 0.5080916636957771,
    "construction_vehicle": 0.616999049520516,
    "pedestrian": 0.12991196208580133,
    "motorcycle": 0.1809276246952168,
    "bicycle": 0.2580689170338611,
    "traffic_cone": 0.7541046364207664,
    "barrier": 0.7059820902154016
  },
  "mean_ap": 0.4373786345355941,
  "label_tp_errors": {
    "car": {
      "trans_err": 0.3597685688753615,
      "scale_err": 0.1477156534766622,
      "orient_err": 0.1456070979668948,
      "vel_err": 0.4836580296790182,
      "attr_err": 0.1139809503158444
    },
    "truck": {
      "trans_err": 0.42866938417566347,
      "scale_err": 0.190441975735109,
      "orient_err": 0.09533230250979093,
      "vel_err": 0.2956923065282004,
      "attr_err": 0.36662104564039966
    },
    "bus": {
      "trans_err": 0.5665115578292667,
      "scale_err": 0.19135859492567364,
      "orient_err": 0.0738126138211574,
      "vel_err": 0.6315690673110783,
      "attr_err": 0.02610313161588383
    },
    "trailer": {
      "trans_err": 1.0973670916638956,
      "scale_err": 0.3121633439942411,
      "orient_err": 0.12463583629439803,
      "vel_err": 0.011905092305263647,
      "attr_err": 0.6155454560908854
    },
    "construction_vehicle": {
      "trans_err": 0.2793271974144998,
      "scale_err": 0.2748407732091836,
      "orient_err": 1.7330565878421764,
      "vel_err": 0.03309332480087363,
      "attr_err": 0.1556676286849281
    },
    "pedestrian": {
      "trans_err": 0.7554244964202356,
      "scale_err": 0.2871994033460002,
      "orient_err": 0.6128284619692587,
      "vel_err": 0.4799968093474155,
      "attr_err": 0.14737432835392353
    },
    "motorcycle": {
      "trans_err": 0.3790269973387472,
      "scale_err": 0.2228689884484298,
      "orient_err": 0.48389482155485625,
      "vel_err": 0.18338270428150472,
      "attr_err": 0.32679712413976963
    },
    "bicycle": {
      "trans_err": 0.5515794141300684,
      "scale_err": 0.28301318341216597,
      "orient_err": 0.37766756661491724,
      "vel_err": 0.6964085713363504,
      "attr_err": 0.14623851486931988
    },
    "traffic_cone": {
      "trans_err": 0.27761193161204195,
      "scale_err": 0.33739059664033855,
      "orient_err": NaN,
      "vel_err": NaN,
      "attr_err": NaN
    },
    "barrier": {
      "trans_err": 0.3400330252366408,
      "scale_err": 0.3101701816232425,
      "orient_err": 0.09628370275671419,
      "vel_err": NaN,
      "attr_err": NaN
    }
  },
  "tp_errors": {
    "trans_err": 0.5035319664696422,
    "scale_err": 0.25571626948110465,
    "orient_err": 0.415902110147796,
    "vel_err": 0.3519632381987131,
    "attr_err": 0.2372910224638693
  },
  "tp_scores": {
    "trans_err": 0.49646803353035784,
    "scale_err": 0.7442837305188954,
    "orient_err": 0.584097889852204,
    "vel_err": 0.6480367618012869,
    "attr_err": 0.7627089775361307
  },
  "nd_score": 0.5422488565916845,
  "eval_time": 5.965709447860718,
  "cfg": {
    "class_range": {
      "car": 50,
      "truck": 50,
      "bus": 50,
      "trailer": 50,
      "construction_vehicle": 50,
      "pedestrian": 40,
      "motorcycle": 40,
      "bicycle": 40,
      "traffic_cone": 30,
      "barrier": 30
    },
    "dist_fcn": "center_distance",
    "dist_ths": [
      0.5,
      1.0,
      2.0,
      4.0
    ],
    "dist_th_tp": 2.0,
    "min_recall": 0.1,
    "min_precision": 0.1,
    "max_boxes_per_sample": 500,
    "mean_ap_weight": 5
  },
  "meta": {
    "use_lidar": false,
    "use_camera": true,
    "use_radar": true,
    "use_map": false,
    "use_external": false
  }
}