{
  "label_aps": {
    "car": {
      "0.5": 0.12086249543885241,
      "1.0": 0.2679286065982323,
      "2.0": 0.3901861386416258,
      "4.0": 0.4253495435477499
    },
    "truck": {
      "0.5": 0.12415899021369046,
      "1.0": 0.23573715444540078,
      "2.0": 0.4989808719496472,
      "4.0": 0.7465856061257794
    },
    "bus": {
      "0.5": 0.019030166939825947,
      "1.0": 0.14904951350084059,
      "2.0": 0.262307221726871,
      "4.0": 0.3835819392006594
    },
    "trailer": {
      "0.5": 0.0,
      "1.0": 0.0,
      "2.0": 0.6586923576624272,
      "4.0": 0.6586923576624272
    },
    "construction_vehicle": {
      "0.5": 0.16807610609033177,
      "1.0": 0.5754068218043703,
      "2.0": 0.6091926805156556,
      "4.0": 0.6432797461857465
    },
    "pedestrian": {
      "0.5": 0.03416787859794649,
      "1.0": 0.07639408205266328,
      "2.0": 0.12055169987682975,
      "4.0": 0.16701705687606203
    },
    "motorcycle": {
      "0.5": 0.07936593725284216,
      "1.0": 0.15001014285090714,
      "2.0": 0.20197394579652042,
      "4.0": 0.21232997629494704
    },
    "bicycle": {
      "0.5": 0.07891713702372462,
      "1.0": 0.21470636554281064,
      "2.0": 0.2868156076929345,
      "4.0": 0.2969207756893881
    },
    "traffic_cone": {
      "0.5": 0.6673063146083917,
      "1.0": 0.7449158041796017,
      "2.0": 0.7775522757284179,
      "4.0": 0.8003688216667691
    },
    "barrier": {
      "0.5": 0.45819970710452823,
      "1.0": 0.7392367945153168,
      "2.0": 0.7928456127283219,
      "4.0": 0.8147694729311907
    }
  },
  "mean_dist_aps": {
    "car": 0.3010816960566151,
    "truck": 0.4013656556836295,
    "bus": 0.20349221034204923,
    "trailer": 0.3293461788312136,
    "construction_vehicle": 0.49898883864902605,
    "pedestrian": 0.0995326793508754,
    "motorcycle": 0.16092000054880418,
    "bicycle": 0.21933997148721446,
    "traffic_cone": 0.7475358040457951,
    "barrier": 0.7012628968198393
  },
  "mean_ap": 0.36628659318150625,
  "label_tp_errors": {
    "car": {
      "trans_err": 0.47028431531498616,
      "scale_err": 0.14887759623726915,
      "orient_err": 0.17245505314474505,
      "vel_err": 0.7391752978652096,
      "attr_err": 0.151595969054898
    },
    "truck": {
      "trans_err": 0.520019458866829,
      "scale_err": 0.21208458809976238,
      "orient_err": 0.11305386278098944,
      "vel_err": 0.34809979849028544,
      "attr_err": 0.39427386925857794
    },
    "bus": {
      "trans_err": 0.6366991815828728,
      "scale_err": 0.2008695273344136,
      "orient_err": 0.14557235980379302,
      "vel_err": 1.2685479924434029,
      "attr_err": 0.4099234074997017
    },
    "trailer": {
      "trans_err": 1.0264124794783702,
      "scale_err": 0.3497133692786069,
      "orient_err": 0.21677241717349696,
      "vel_err": 0.1802393817738184,
      "attr_err": 0.7927187465108567
    },
    "construction_vehicle": {
      "trans_err": 0.4612501256043338,
      "scale_err": 0.2410205133053409,
      "orient_err": 1.696161774869337,
      "vel_err": 0.03141543523705752,
      "attr_err": 0.24392166891250094
    },
    "pedestrian": {
      "trans_err": 0.8141781443795671,
      "scale_err": 0.2916338873259509,
      "orient_err": 0.6948511026859104,
      "vel_err": 0.5636500417520642,
      "attr_err": 0.19038594347215224
    },
    "motorcycle": {
      "trans_err": 0.4062217661083521,
      "scale_err": 0.2239303215491467,
      "orient_err": 0.369466611706851,
      "vel_err": 0.20199344473444417,
      "attr_err": 0.32688807044729085
    },
    "bicycle": {
      "trans_err": 0.5577485981018394,
      "scale_err": 0.30461348771669106,
      "orient_err": 0.37346653006085934,
      "vel_err": 0.7988431673014492,
      "attr_err": 0.1506800365532803
    },
    "traffic_cone": {
      "trans_err": 0.2711242662695369,
      "scale_err": 0.3367673123580014,
      "orient_err": NaN,
      "vel_err": NaN,
      "attr_err": NaN
    },
    "barrier": {
      "trans_err": 0.33982354597147824,
      "scale_err": 0.3067659756269562,
      "orient_err": 0.09919484632987355,
      "vel_err": NaN,
      "attr_err": NaN
    }
  },
  "tp_errors": {
    "trans_err": 0.5503761881678166,
    "scale_err": 0.2616276578832139,
    "orient_err": 0.4312216176173173,
    "vel_err": 0.5164955699497165,
    "attr_err": 0.33254846396365734
  },
  "tp_scores": {
    "trans_err": 0.44962381183218336,
    "scale_err": 0.738372342116786,
    "orient_err": 0.5687783823826826,
    "vel_err": 0.48350443005028354,
    "attr_err": 0.6674515360363427
  },
  "nd_score": 0.473916346832581,
  "eval_time": 6.2724878787994385,
  "cfg": {
    "class_range": {
      "car": 50,
      "truck": 50,
      "bus": 50,
      "trailer": 50,
      "construction_vehicle": 50,
      "pedestrian": 40,
      "motorcycle": 40,
      "bicycle": 40,
      "traffic_cone": 30,
      "barrier": 30
    },
    "dist_fcn": "center_distance",
    "dist_ths": [
      0.5,
      1.0,
      2.0,
      4.0
    ],
    "dist_th_tp": 2.0,
    "min_recall": 0.1,
    "min_precision": 0.1,
    "max_boxes_per_sample": 500,
    "mean_ap_weight": 5
  },
  "meta": {
    "use_lidar": false,
    "use_camera": true,
    "use_radar": true,
    "use_map": false,
    "use_external": false
  }
}