{
  "label_aps": {
    "car": {
      "0.5": 0.004339190446604816,
      "1.0": 0.09644088341649744,
      "2.0": 0.23354195204754258,
      "4.0": 0.3250401167966217
    },
    "truck": {
      "0.5": 0.0,
      "1.0": 0.0002828953694088688,
      "2.0": 0.04138605225177005,
      "4.0": 0.15513696750570702
    },
    "bus": {
      "0.5": 0.0,
      "1.0": 0.02782069483706654,
      "2.0": 0.10506658514267853,
      "4.0": 0.18601502517435828
    },
    "trailer": {
      "0.5": 0.0,
      "1.0": 0.0,
      "2.0": 0.0,
      "4.0": 0.0
    },
    "construction_vehicle": {
      "0.5": 0.0,
      "1.0": 0.0,
      "2.0": 0.011352799268064977,
      "4.0": 0.02258951045409773
    },
    "pedestrian": {
      "0.5": 0.002930579798416433,
      "1.0": 0.016121624667991524,
      "2.0": 0.0406192670814918,
      "4.0": 0.07749895036441581
    },
    "motorcycle": {
      "0.5": 0.0,
      "1.0": 0.0,
      "2.0": 7.771032891203311e-05,
      "4.0": 0.0034537366881588717
    },
    "bicycle": {
      "0.5": 0.0,
      "1.0": 0.0037842377441201407,
      "2.0": 0.01575093997447148,
      "4.0": 0.028991342933956617
    },
    "traffic_cone": {
      "0.5": 0.03821670480406742,
      "1.0": 0.13086937294104223,
      "2.0": 0.20332265982608083,
      "4.0": 0.2522269850227816
    },
    "barrier": {
      "0.5": 0.028475341856932453,
      "1.0": 0.1098611703463218,
      "2.0": 0.20268947962973183,
      "4.0": 0.25226078909491045
    }
  },
  "mean_dist_aps": {
    "car": 0.16484053567681664,
    "truck": 0.049201478781721486,
    "bus": 0.07972557628852583,
    "trailer": 0.0,
    "construction_vehicle": 0.008485577430540677,
    "pedestrian": 0.03429260547807889,
    "motorcycle": 0.0008828617542677262,
    "bicycle": 0.01213163016313706,
    "traffic_cone": 0.156158930648493,
    "barrier": 0.14832169523197414
  },
  "mean_ap": 0.06540408914535553,
  "label_tp_errors": {
    "car": {
      "trans_err": 0.737787253873688,
      "scale_err": 0.16405297427630203,
      "orient_err": 0.4096830078186279,
      "vel_err": 1.1382383731602355,
      "attr_err": 0.19772290919018026
    },
    "truck": {
      "trans_err": 0.9649202525582642,
      "scale_err": 0.22656231391028583,
      "orient_err": 0.5319831003353066,
      "vel_err": 0.9155949818590038,
      "attr_err": 0.31309158117870306
    },
    "bus": {
      "trans_err": 0.8351168530196257,
      "scale_err": 0.2660715762485004,
      "orient_err": 0.2762286952489887,
      "vel_err": 1.640893073720397,
      "attr_err": 0.6492963465780925
    },
    "trailer": {
      "trans_err": 1.0,
      "scale_err": 1.0,
      "orient_err": 1.0,
      "vel_err": 1.0,
      "attr_err": 1.0
    },
    "construction_vehicle": {
      "trans_err": 1.0913957820385225,
      "scale_err": 0.45421636535134163,
      "orient_err": 0.9768543519784685,
      "vel_err": 0.0653989967904705,
      "attr_err": 0.4963486943331734
    },
    "pedestrian": {
      "trans_err": 1.0075358802951033,
      "scale_err": 0.2756603070598557,
      "orient_err": 0.749525513155981,
      "vel_err": 0.7674025711231036,
      "attr_err": 0.3302528079808513
    },
    "motorcycle": {
      "trans_err": 0.7647714387181267,
      "scale_err": 0.20366621013392341,
      "orient_err": 1.429378313934042,
      "vel_err": 0.19421192479117563,
      "attr_err": 0.5218685932319008
    },
    "bicycle": {
      "trans_err": 1.1781284774975564,
      "scale_err": 0.3817994950886281,
      "orient_err": 0.3782817747133085,
      "vel_err": 0.5313406770642346,
      "attr_err": 0.04900697559273589
    },
    "traffic_cone": {
      "trans_err": 0.7581043132083257,
      "scale_err": 0.34201697089743827,
      "orient_err": NaN,
      "vel_err": NaN,
      "attr_err": NaN
    },
    "barrier": {
      "trans_err": 0.6431247567441404,
      "scale_err": 0.42681540241408017,
      "orient_err": 0.17160653994668804,
      "vel_err": NaN,
      "attr_err": NaN
    }
  },
  "tp_errors": {
    "trans_err": 0.8980885007953352,
    "scale_err": 0.37408616153803553,
    "orient_err": 0.6581712552368235,
    "vel_err": 0.7816350748135776,
    "attr_err": 0.4446984885107047
  },
  "tp_scores": {
    "trans_err": 0.1019114992046648,
    "scale_err": 0.6259138384619645,
    "orient_err": 0.3418287447631765,
    "vel_err": 0.21836492518642237,
    "attr_err": 0.5553015114892953
  },
  "nd_score": 0.2170340964832301,
  "eval_time": 7.072535753250122,
  "cfg": {
    "class_range": {
      "car": 50,
      "truck": 50,
      "bus": 50,
      "trailer": 50,
      "construction_vehicle": 50,
      "pedestrian": 40,
      "motorcycle": 40,
      "bicycle": 40,
      "traffic_cone": 30,
      "barrier": 30
    },
    "dist_fcn": "center_distance",
    "dist_ths": [
      0.5,
      1.0,
      2.0,
      4.0
    ],
    "dist_th_tp": 2.0,
    "min_recall": 0.1,
    "min_precision": 0.1,
    "max_boxes_per_sample": 500,
    "mean_ap_weight": 5
  },
  "meta": {
    "use_lidar": false,
    "use_camera": true,
    "use_radar": true,
    "use_map": false,
    "use_external": false
  }
}