{
  "label_aps": {
    "car": {
      "0.5": 0.12085587134582616,
      "1.0": 0.2679487648353446,
      "2.0": 0.3901864717654449,
      "4.0": 0.42534712120926255
    },
    "truck": {
      "0.5": 0.12415899021369046,
      "1.0": 0.23574233881987477,
      "2.0": 0.49899584708706474,
      "4.0": 0.7466297583797831
    },
    "bus": {
      "0.5": 0.019037389575935714,
      "1.0": 0.14904951350084059,
      "2.0": 0.2622997077524451,
      "4.0": 0.3835819392006594
    },
    "trailer": {
      "0.5": 0.0,
      "1.0": 0.0,
      "2.0": 0.6586923576624272,
      "4.0": 0.6586923576624272
    },
    "construction_vehicle": {
      "0.5": 0.16807610609033177,
      "1.0": 0.5754068218043703,
      "2.0": 0.6091926805156556,
      "4.0": 0.6432797461857465
    },
    "pedestrian": {
      "0.5": 0.03417177737493192,
      "1.0": 0.07639777984832694,
      "2.0": 0.12054045735360833,
      "4.0": 0.1669652547490048
    },
    "motorcycle": {
      "0.5": 0.07936593725284216,
      "1.0": 0.15001014285090714,
      "2.0": 0.20197394579652042,
      "4.0": 0.21232997629494704
    },
    "bicycle": {
      "0.5": 0.07888107171662372,
      "1.0": 0.21470277751567657,
      "2.0": 0.28681314635852123,
      "4.0": 0.2969168275203931
    },
    "traffic_cone": {
      "0.5": 0.6673152647911431,
      "1.0": 0.7449223591469869,
      "2.0": 0.7775421128693115,
      "4.0": 0.8004606125388992
    },
    "barrier": {
      "0.5": 0.4581802888973764,
      "1.0": 0.7392204381605892,
      "2.0": 0.7928589119255878,
      "4.0": 0.8147582221131343
    }
  },
  "mean_dist_aps": {
    "car": 0.30108455728896955,
    "truck": 0.40138173362510327,
    "bus": 0.2034921375074702,
    "trailer": 0.3293461788312136,
    "construction_vehicle": 0.49898883864902605,
    "pedestrian": 0.099518817331468,
    "motorcycle": 0.16092000054880418,
    "bicycle": 0.21932845577780363,
    "traffic_cone": 0.7475600873365852,
    "barrier": 0.7012544652741719
  },
  "mean_ap": 0.36628752721706154,
  "label_tp_errors": {
    "car": {
      "trans_err": 0.47029568468030336,
      "scale_err": 0.14887681547657985,
      "orient_err": 0.17245278506116787,
      "vel_err": 0.7391602484925517,
      "attr_err": 0.1515759905396898
    },
    "truck": {
      "trans_err": 0.5200139300498376,
      "scale_err": 0.21208608416579616,
      "orient_err": 0.11305172862634698,
      "vel_err": 0.34808815262038023,
      "attr_err": 0.39427458357484857
    },
    "bus": {
      "trans_err": 0.6366939631167,
      "scale_err": 0.2008694073351255,
      "orient_err": 0.14556633016826376,
      "vel_err": 1.268584444136095,
      "attr_err": 0.4099189975208432
    },
    "trailer": {
      "trans_err": 1.0264093245582413,
      "scale_err": 0.3497150802721756,
      "orient_err": 0.21677706454415036,
      "vel_err": 0.18024721021751527,
      "attr_err": 0.7927161811829768
    },
    "construction_vehicle": {
      "trans_err": 0.4612501905600804,
      "scale_err": 0.24102486013312516,
      "orient_err": 1.6962350810392484,
      "vel_err": 0.031415479624980897,
      "attr_err": 0.2439215953770816
    },
    "pedestrian": {
      "trans_err": 0.8141659973554509,
      "scale_err": 0.2916296077755757,
      "orient_err": 0.6948793688103496,
      "vel_err": 0.5636457727960353,
      "attr_err": 0.19036113531830273
    },
    "motorcycle": {
      "trans_err": 0.406221363319614,
      "scale_err": 0.22393228049354272,
      "orient_err": 0.36945831999321904,
      "vel_err": 0.2019964471723215,
      "attr_err": 0.32688817623039035
    },
    "bicycle": {
      "trans_err": 0.5577476104767864,
      "scale_err": 0.30461135055873373,
      "orient_err": 0.37345990907943205,
      "vel_err": 0.79881650657482,
      "attr_err": 0.15068151267855
    },
    "traffic_cone": {
      "trans_err": 0.27112633826612437,
      "scale_err": 0.3367668904624451,
      "orient_err": NaN,
      "vel_err": NaN,
      "attr_err": NaN
    },
    "barrier": {
      "trans_err": 0.3398259408689815,
      "scale_err": 0.3067677750710244,
      "orient_err": 0.0991936754492188,
      "vel_err": NaN,
      "attr_err": NaN
    }
  },
  "tp_errors": {
    "trans_err": 0.550375034325212,
    "scale_err": 0.2616280151744124,
    "orient_err": 0.43123047364126627,
    "vel_err": 0.5164942827043375,
    "attr_err": 0.3325422715528354
  },
  "tp_scores": {
    "trans_err": 0.44962496567478805,
    "scale_err": 0.7383719848255876,
    "orient_err": 0.5687695263587338,
    "vel_err": 0.4835057172956625,
    "attr_err": 0.6674577284471646
  },
  "nd_score": 0.4739167558687244,
  "eval_time": 6.249558687210083,
  "cfg": {
    "class_range": {
      "car": 50,
      "truck": 50,
      "bus": 50,
      "trailer": 50,
      "construction_vehicle": 50,
      "pedestrian": 40,
      "motorcycle": 40,
      "bicycle": 40,
      "traffic_cone": 30,
      "barrier": 30
    },
    "dist_fcn": "center_distance",
    "dist_ths": [
      0.5,
      1.0,
      2.0,
      4.0
    ],
    "dist_th_tp": 2.0,
    "min_recall": 0.1,
    "min_precision": 0.1,
    "max_boxes_per_sample": 500,
    "mean_ap_weight": 5
  },
  "meta": {
    "use_lidar": false,
    "use_camera": true,
    "use_radar": true,
    "use_map": false,
    "use_external": false
  }
}