{
  "label_aps": {
    "car": {
      "0.5": 0.11793637212076752,
      "1.0": 0.28330763495958106,
      "2.0": 0.417028572824032,
      "4.0": 0.4655751345519659
    },
    "truck": {
      "0.5": 0.1447216152307428,
      "1.0": 0.27038114190193324,
      "2.0": 0.48939401675637734,
      "4.0": 0.774240283581281
    },
    "bus": {
      "0.5": 0.011192539593349106,
      "1.0": 0.17623866904848037,
      "2.0": 0.3738202664529419,
      "4.0": 0.42311783615711673
    },
    "trailer": {
      "0.5": 0.0,
      "1.0": 1.0020843354176605e-05,
      "2.0": 0.8451165253420956,
      "4.0": 0.9434019019489028
    },
    "construction_vehicle": {
      "0.5": 0.2242891711596095,
      "1.0": 0.5771809863400299,
      "2.0": 0.6428266501487798,
      "4.0": 0.6653098170992475
    },
    "pedestrian": {
      "0.5": 0.03278241532393613,
      "1.0": 0.07711106373546757,
      "2.0": 0.1284150609035971,
      "4.0": 0.18167072547420618
    },
    "motorcycle": {
      "0.5": 0.0821691098791372,
      "1.0": 0.1678982700901066,
      "2.0": 0.21087042827554825,
      "4.0": 0.21943380932669324
    },
    "bicycle": {
      "0.5": 0.05227517609469791,
      "1.0": 0.2133207460281077,
      "2.0": 0.27697978319387406,
      "4.0": 0.29326866632046866
    },
    "traffic_cone": {
      "0.5": 0.660791880809604,
      "1.0": 0.7454619966437356,
      "2.0": 0.7811298427479584,
      "4.0": 0.805362976405664
    },
    "barrier": {
      "0.5": 0.4717474152686083,
      "1.0": 0.7414385648190325,
      "2.0": 0.7920963464640068,
      "4.0": 0.8110349387700746
    }
  },
  "mean_dist_aps": {
    "car": 0.3209619286140866,
    "truck": 0.41968426436758366,
    "bus": 0.24609232781297202,
    "trailer": 0.44713211203358816,
    "construction_vehicle": 0.5274016561869167,
    "pedestrian": 0.10499481635930175,
    "motorcycle": 0.1700929043928713,
    "bicycle": 0.20896109290928708,
    "traffic_cone": 0.7481866741517406,
    "barrier": 0.7040793163304306
  },
  "mean_ap": 0.3897587093158779,
  "label_tp_errors": {
    "car": {
      "trans_err": 0.48848713485305906,
      "scale_err": 0.14881428863503937,
      "orient_err": 0.1637356108122843,
      "vel_err": 0.6189685071846506,
      "attr_err": 0.14011655900158904
    },
    "truck": {
      "trans_err": 0.47064894017768033,
      "scale_err": 0.19162650412483162,
      "orient_err": 0.1096756211669752,
      "vel_err": 0.34317634124241025,
      "attr_err": 0.3444240364537165
    },
    "bus": {
      "trans_err": 0.694074109807917,
      "scale_err": 0.19511493470249297,
      "orient_err": 0.09107137101419727,
      "vel_err": 0.7741446685747532,
      "attr_err": 0.07640754378076367
    },
    "trailer": {
      "trans_err": 1.1393910452279241,
      "scale_err": 0.3271501560596553,
      "orient_err": 0.11498827570933566,
      "vel_err": 0.01139821710377162,
      "attr_err": 0.7471556242626576
    },
    "construction_vehicle": {
      "trans_err": 0.4419008101089017,
      "scale_err": 0.23761473174972048,
      "orient_err": 1.616849440068601,
      "vel_err": 0.031979763816732405,
      "attr_err": 0.21252566386640814
    },
    "pedestrian": {
      "trans_err": 0.814331792723092,
      "scale_err": 0.2919891003522161,
      "orient_err": 0.6947411172770377,
      "vel_err": 0.5403905234768651,
      "attr_err": 0.1868248621025713
    },
    "motorcycle": {
      "trans_err": 0.40682787465033904,
      "scale_err": 0.22131672830604426,
      "orient_err": 0.40195989667304005,
      "vel_err": 0.23276494440530862,
      "attr_err": 0.3055687027283912
    },
    "bicycle": {
      "trans_err": 0.594937201081688,
      "scale_err": 0.28697927677934254,
      "orient_err": 0.44519799741361915,
      "vel_err": 0.7105428885702035,
      "attr_err": 0.13612332694517698
    },
    "traffic_cone": {
      "trans_err": 0.28090227410919055,
      "scale_err": 0.3374891675071056,
      "orient_err": NaN,
      "vel_err": NaN,
      "attr_err": NaN
    },
    "barrier": {
      "trans_err": 0.336875389746595,
      "scale_err": 0.30770730017978026,
      "orient_err": 0.10239133195451285,
      "vel_err": NaN,
      "attr_err": NaN
    }
  },
  "tp_errors": {
    "trans_err": 0.5668376572486387,
    "scale_err": 0.25458021883962284,
    "orient_err": 0.41562340689884475,
    "vel_err": 0.4079207317968369,
    "attr_err": 0.2686432898926593
  },
  "tp_scores": {
    "trans_err": 0.43316234275136134,
    "scale_err": 0.7454197811603771,
    "orient_err": 0.5843765931011553,
    "vel_err": 0.592079268203163,
    "attr_err": 0.7313567101073407
  },
  "nd_score": 0.5035188241902787,
  "eval_time": 6.307481288909912,
  "cfg": {
    "class_range": {
      "car": 50,
      "truck": 50,
      "bus": 50,
      "trailer": 50,
      "construction_vehicle": 50,
      "pedestrian": 40,
      "motorcycle": 40,
      "bicycle": 40,
      "traffic_cone": 30,
      "barrier": 30
    },
    "dist_fcn": "center_distance",
    "dist_ths": [
      0.5,
      1.0,
      2.0,
      4.0
    ],
    "dist_th_tp": 2.0,
    "min_recall": 0.1,
    "min_precision": 0.1,
    "max_boxes_per_sample": 500,
    "mean_ap_weight": 5
  },
  "meta": {
    "use_lidar": false,
    "use_camera": true,
    "use_radar": true,
    "use_map": false,
    "use_external": false
  }
}