{
  "label_aps": {
    "car": {
      "0.5": 0.06446929925675922,
      "1.0": 0.21634618266768138,
      "2.0": 0.36466670155262837,
      "4.0": 0.4164821264702855
    },
    "truck": {
      "0.5": 0.11036963784379575,
      "1.0": 0.22209654427799133,
      "2.0": 0.43492510158783876,
      "4.0": 0.7364318724727296
    },
    "bus": {
      "0.5": 3.0158828468007282e-05,
      "1.0": 0.10186907609936949,
      "2.0": 0.26400662386021534,
      "4.0": 0.3741507975983877
    },
    "trailer": {
      "0.5": 0.0,
      "1.0": 0.0,
      "2.0": 0.2040570072943767,
      "4.0": 0.5406668305043738
    },
    "construction_vehicle": {
      "0.5": 0.09526275732633523,
      "1.0": 0.550603012068219,
      "2.0": 0.6192744098102441,
      "4.0": 0.6439099844741111
    },
    "pedestrian": {
      "0.5": 0.02563203159213371,
      "1.0": 0.06703619662699135,
      "2.0": 0.1118269957028032,
      "4.0": 0.15811305478381443
    },
    "motorcycle": {
      "0.5": 0.061798211550522196,
      "1.0": 0.14933627586213785,
      "2.0": 0.1891525372267289,
      "4.0": 0.20680085146617821
    },
    "bicycle": {
      "0.5": 0.01576081096626618,
      "1.0": 0.12122056218756094,
      "2.0": 0.22051063213927344,
      "4.0": 0.2542526682233565
    },
    "traffic_cone": {
      "0.5": 0.619305863036726,
      "1.0": 0.7260509804402978,
      "2.0": 0.7624501216332562,
      "4.0": 0.7886726654606158
    },
    "barrier": {
      "0.5": 0.22112173063805807,
      "1.0": 0.6942961994993646,
      "2.0": 0.7795421047978793,
      "4.0": 0.7993982594727593
    }
  },
  "mean_dist_aps": {
    "car": 0.26549107748683864,
    "truck": 0.37595578904558885,
    "bus": 0.18501416409661015,
    "trailer": 0.18618095944968763,
    "construction_vehicle": 0.4772625409197273,
    "pedestrian": 0.09065206967643567,
    "motorcycle": 0.15177196902639178,
    "bicycle": 0.15293616837911428,
    "traffic_cone": 0.7241199076427238,
    "barrier": 0.6235895736020154
  },
  "mean_ap": 0.3232974219325134,
  "label_tp_errors": {
    "car": {
      "trans_err": 0.5642205616494785,
      "scale_err": 0.14992355613868885,
      "orient_err": 0.17947227860290543,
      "vel_err": 0.7620975538803465,
      "attr_err": 0.1581989561537454
    },
    "truck": {
      "trans_err": 0.5521453881124943,
      "scale_err": 0.20069204973981097,
      "orient_err": 0.12230991951049808,
      "vel_err": 0.38650590748670555,
      "attr_err": 0.37242281867003424
    },
    "bus": {
      "trans_err": 0.7855671923514927,
      "scale_err": 0.20900236380956563,
      "orient_err": 0.11891900074958507,
      "vel_err": 1.2874318923230474,
      "attr_err": 0.4283834243043482
    },
    "trailer": {
      "trans_err": 1.0848118509815967,
      "scale_err": 0.36686780366599886,
      "orient_err": 0.15519366130497841,
      "vel_err": 0.20869436820359102,
      "attr_err": 0.72757754533603
    },
    "construction_vehicle": {
      "trans_err": 0.5309824519432509,
      "scale_err": 0.27213354560102726,
      "orient_err": 1.8339860115908009,
      "vel_err": 0.031620429936654156,
      "attr_err": 0.21404006365940084
    },
    "pedestrian": {
      "trans_err": 0.8501062080022448,
      "scale_err": 0.2914552108219409,
      "orient_err": 0.7166536857652762,
      "vel_err": 0.5801403221701801,
      "attr_err": 0.19556611545011315
    },
    "motorcycle": {
      "trans_err": 0.42062054973103197,
      "scale_err": 0.23357763412330246,
      "orient_err": 0.3409352379976605,
      "vel_err": 0.16911211449506233,
      "attr_err": 0.3011283241362076
    },
    "bicycle": {
      "trans_err": 0.81778635338794,
      "scale_err": 0.32131352315504164,
      "orient_err": 0.4554492612956539,
      "vel_err": 0.9500729317088782,
      "attr_err": 0.16614823934997014
    },
    "traffic_cone": {
      "trans_err": 0.3002622696183915,
      "scale_err": 0.33550744472679933,
      "orient_err": NaN,
      "vel_err": NaN,
      "attr_err": NaN
    },
    "barrier": {
      "trans_err": 0.47948472298844724,
      "scale_err": 0.31928906472098084,
      "orient_err": 0.11260483310713196,
      "vel_err": NaN,
      "attr_err": NaN
    }
  },
  "tp_errors": {
    "trans_err": 0.6385987548766369,
    "scale_err": 0.26997621965031565,
    "orient_err": 0.44839154332494346,
    "vel_err": 0.5469594400255582,
    "attr_err": 0.3204331858824812
  },
  "tp_scores": {
    "trans_err": 0.36140124512336314,
    "scale_err": 0.7300237803496843,
    "orient_err": 0.5516084566750565,
    "vel_err": 0.4530405599744418,
    "attr_err": 0.6795668141175188
  },
  "nd_score": 0.43921279659026313,
  "eval_time": 6.332271099090576,
  "cfg": {
    "class_range": {
      "car": 50,
      "truck": 50,
      "bus": 50,
      "trailer": 50,
      "construction_vehicle": 50,
      "pedestrian": 40,
      "motorcycle": 40,
      "bicycle": 40,
      "traffic_cone": 30,
      "barrier": 30
    },
    "dist_fcn": "center_distance",
    "dist_ths": [
      0.5,
      1.0,
      2.0,
      4.0
    ],
    "dist_th_tp": 2.0,
    "min_recall": 0.1,
    "min_precision": 0.1,
    "max_boxes_per_sample": 500,
    "mean_ap_weight": 5
  },
  "meta": {
    "use_lidar": false,
    "use_camera": true,
    "use_radar": true,
    "use_map": false,
    "use_external": false
  }
}