{
  "label_aps": {
    "car": {
      "0.5": 0.1887969749072529,
      "1.0": 0.44757980887787174,
      "2.0": 0.6639091908116415,
      "4.0": 0.7295394591872434
    },
    "truck": {
      "0.5": 0.12294033484597196,
      "1.0": 0.2308125661725844,
      "2.0": 0.47743833536131686,
      "4.0": 0.724755598745425
    },
    "bus": {
      "0.5": 0.18404837198383744,
      "1.0": 0.45587374490174115,
      "2.0": 0.6687506335275092,
      "4.0": 0.8192845051141036
    },
    "trailer": {
      "0.5": 0.0,
      "1.0": 0.0,
      "2.0": 0.6298265072378443,
      "4.0": 0.6298265072378443
    },
    "construction_vehicle": {
      "0.5": 0.16807610609033177,
      "1.0": 0.5851337415143862,
      "2.0": 0.6303770242907336,
      "4.0": 0.6655329170143985
    },
    "pedestrian": {
      "0.5": 0.11186282918451612,
      "1.0": 0.21439136006959159,
      "2.0": 0.2996544091457725,
      "4.0": 0.37893312676915614
    },
    "motorcycle": {
      "0.5": 0.42652709091372654,
      "1.0": 0.6716462918703968,
      "2.0": 0.8027802161769522,
      "4.0": 0.8279388880625719
    },
    "bicycle": {
      "0.5": 0.13333641240229402,
      "1.0": 0.45731589641126696,
      "2.0": 0.659318693460431,
      "4.0": 0.695828570390592
    },
    "traffic_cone": {
      "0.5": 0.6671949690962901,
      "1.0": 0.7447482110612549,
      "2.0": 0.7774066865485495,
      "4.0": 0.8002757479772221
    },
    "barrier": {
      "0.5": 0.4872692772302625,
      "1.0": 0.8144160380220529,
      "2.0": 0.8718095497436106,
      "4.0": 0.8971073677348802
    }
  },
  "mean_dist_aps": {
    "car": 0.5074563584460023,
    "truck": 0.3889867087813246,
    "bus": 0.5319893138817978,
    "trailer": 0.31491325361892214,
    "construction_vehicle": 0.5122799472274625,
    "pedestrian": 0.25121043129225906,
    "motorcycle": 0.6822231217559118,
    "bicycle": 0.486449893166146,
    "traffic_cone": 0.7474064036708291,
    "barrier": 0.7676505581827016
  },
  "mean_ap": 0.5190565990023357,
  "label_tp_errors": {
    "car": {
      "trans_err": 0.5150597088016304,
      "scale_err": 0.1561923829239474,
      "orient_err": 0.14704779793244213,
      "vel_err": 0.9509543294831667,
      "attr_err": 0.25207062724132234
    },
    "truck": {
      "trans_err": 0.5201770701935506,
      "scale_err": 0.21220565865453545,
      "orient_err": 0.11302494728949782,
      "vel_err": 0.3477472088422894,
      "attr_err": 0.3942119276281454
    },
    "bus": {
      "trans_err": 0.5487810739069446,
      "scale_err": 0.16215981191597273,
      "orient_err": 0.1372504846822264,
      "vel_err": 0.7471342627350216,
      "attr_err": 0.24089939780608857
    },
    "trailer": {
      "trans_err": 1.0263643132252447,
      "scale_err": 0.34971896353115794,
      "orient_err": 0.21677869931564894,
      "vel_err": 0.18030128681657917,
      "attr_err": 0.7926751297671224
    },
    "construction_vehicle": {
      "trans_err": 0.46460603315538757,
      "scale_err": 0.24240148328539685,
      "orient_err": 1.6870127398746413,
      "vel_err": 0.03200261184689505,
      "attr_err": 0.2463592986454156
    },
    "pedestrian": {
      "trans_err": 0.7815892618076098,
      "scale_err": 0.294450209351498,
      "orient_err": 0.6780489962513533,
      "vel_err": 0.49696955416420546,
      "attr_err": 0.22588016839028077
    },
    "motorcycle": {
      "trans_err": 0.4019301170173158,
      "scale_err": 0.3728794353327966,
      "orient_err": 0.35565108570092097,
      "vel_err": 0.5956923118959588,
      "attr_err": 0.3511108643380137
    },
    "bicycle": {
      "trans_err": 0.641330671311714,
      "scale_err": 0.3151496648229123,
      "orient_err": 0.6694421688261339,
      "vel_err": 0.4418213697871751,
      "attr_err": 0.09617918490443687
    },
    "traffic_cone": {
      "trans_err": 0.27116402826952446,
      "scale_err": 0.3368033705484513,
      "orient_err": NaN,
      "vel_err": NaN,
      "attr_err": NaN
    },
    "barrier": {
      "trans_err": 0.34742240819619946,
      "scale_err": 0.30212480529715363,
      "orient_err": 0.11147394646305403,
      "vel_err": NaN,
      "attr_err": NaN
    }
  },
  "tp_errors": {
    "trans_err": 0.5518424685885122,
    "scale_err": 0.27440857856638223,
    "orient_err": 0.45730342959287984,
    "vel_err": 0.4740778669464114,
    "attr_err": 0.3249233248401032
  },
  "tp_scores": {
    "trans_err": 0.44815753141148784,
    "scale_err": 0.7255914214336178,
    "orient_err": 0.5426965704071202,
    "vel_err": 0.5259221330535886,
    "attr_err": 0.6750766751598968
  },
  "nd_score": 0.5512727326477389,
  "eval_time": 10.366495370864868,
  "cfg": {
    "class_range": {
      "car": 50,
      "truck": 50,
      "bus": 50,
      "trailer": 50,
      "construction_vehicle": 50,
      "pedestrian": 40,
      "motorcycle": 40,
      "bicycle": 40,
      "traffic_cone": 30,
      "barrier": 30
    },
    "dist_fcn": "center_distance",
    "dist_ths": [
      0.5,
      1.0,
      2.0,
      4.0
    ],
    "dist_th_tp": 2.0,
    "min_recall": 0.1,
    "min_precision": 0.1,
    "max_boxes_per_sample": 500,
    "mean_ap_weight": 5
  },
  "meta": {
    "use_lidar": false,
    "use_camera": true,
    "use_radar": true,
    "use_map": false,
    "use_external": false
  }
}