{
  "label_aps": {
    "car": {
      "0.5": 0.23541551732812244,
      "1.0": 0.40105727188697593,
      "2.0": 0.4818801757840325,
      "4.0": 0.5102819943344981
    },
    "truck": {
      "0.5": 0.24711881491419596,
      "1.0": 0.4190954871659694,
      "2.0": 0.62355729214802,
      "4.0": 0.8458294309821137
    },
    "bus": {
      "0.5": 0.026124898119973074,
      "1.0": 0.2762652471736263,
      "2.0": 0.39145783700059683,
      "4.0": 0.4513186291372654
    },
    "trailer": {
      "0.5": 0.005987368728109468,
      "1.0": 0.0816227135634543,
      "2.0": 0.9895857002196474,
      "4.0": 0.9895857002196474
    },
    "construction_vehicle": {
      "0.5": 0.496320550754749,
      "1.0": 0.6092246122648431,
      "2.0": 0.6827650488487133,
      "4.0": 0.7575758484538669
    },
    "pedestrian": {
      "0.5": 0.04886175041983413,
      "1.0": 0.10572301605583373,
      "2.0": 0.1586093274147856,
      "4.0": 0.20566545377929604
    },
    "motorcycle": {
      "0.5": 0.10683405460460334,
      "1.0": 0.18468836574985226,
      "2.0": 0.22423690526541512,
      "4.0": 0.22584385765465234
    },
    "bicycle": {
      "0.5": 0.10388062455458366,
      "1.0": 0.27880788564849207,
      "2.0": 0.3310342266891164,
      "4.0": 0.33927733080981626
    },
    "traffic_cone": {
      "0.5": 0.6573462638279556,
      "1.0": 0.7529475258073373,
      "2.0": 0.7855371550191026,
      "4.0": 0.8121328856072845
    },
    "barrier": {
      "0.5": 0.44156031553890385,
      "1.0": 0.7693856019274109,
      "2.0": 0.8112750924260514,
      "4.0": 0.8266578736364993
    }
  },
  "mean_dist_aps": {
    "car": 0.4071587398334072,
    "truck": 0.5339002563025748,
    "bus": 0.2862916528578654,
    "trailer": 0.5166953706827146,
    "construction_vehicle": 0.6364715150805431,
    "pedestrian": 0.12971488691743738,
    "motorcycle": 0.18540079581863075,
    "bicycle": 0.2632500169255021,
    "traffic_cone": 0.75199095756542,
    "barrier": 0.7122197208822163
  },
  "mean_ap": 0.4423093912866312,
  "label_tp_errors": {
    "car": {
      "trans_err": 0.35524319465111315,
      "scale_err": 0.14880044526050087,
      "orient_err": 0.14611038225046938,
      "vel_err": 0.46772785290085245,
      "attr_err": 0.11407250474325917
    },
    "truck": {
      "trans_err": 0.4090389215367086,
      "scale_err": 0.19087012630088454,
      "orient_err": 0.0872426956612169,
      "vel_err": 0.28503455600216576,
      "attr_err": 0.36079067644122315
    },
    "bus": {
      "trans_err": 0.5856261524197364,
      "scale_err": 0.1928346982354985,
      "orient_err": 0.07210712146277105,
      "vel_err": 0.61500561249597,
      "attr_err": 0.00923048779723895
    },
    "trailer": {
      "trans_err": 1.0012607311963966,
      "scale_err": 0.3191280976060441,
      "orient_err": 0.1571437922068075,
      "vel_err": 0.013705930514254682,
      "attr_err": 0.5785399936740256
    },
    "construction_vehicle": {
      "trans_err": 0.26342530666256125,
      "scale_err": 0.2756506726333717,
      "orient_err": 1.8082091762194787,
      "vel_err": 0.03295190320796683,
      "attr_err": 0.17189528762929085
    },
    "pedestrian": {
      "trans_err": 0.7588859351787813,
      "scale_err": 0.2884630014142279,
      "orient_err": 0.6605872901494855,
      "vel_err": 0.5065874480000688,
      "attr_err": 0.14298383459465708
    },
    "motorcycle": {
      "trans_err": 0.3605097331642286,
      "scale_err": 0.22041651821733774,
      "orient_err": 0.5014877336274907,
      "vel_err": 0.17376162645952015,
      "attr_err": 0.31245078989317776
    },
    "bicycle": {
      "trans_err": 0.4746006458719739,
      "scale_err": 0.2856399126842636,
      "orient_err": 0.3671090244539915,
      "vel_err": 0.6760589242258498,
      "attr_err": 0.16232246613159837
    },
    "traffic_cone": {
      "trans_err": 0.27770938421181884,
      "scale_err": 0.33520652604953327,
      "orient_err": NaN,
      "vel_err": NaN,
      "attr_err": NaN
    },
    "barrier": {
      "trans_err": 0.33819813294447,
      "scale_err": 0.30894028630940473,
      "orient_err": 0.09542484988338906,
      "vel_err": NaN,
      "attr_err": NaN
    }
  },
  "tp_errors": {
    "trans_err": 0.4824498137837788,
    "scale_err": 0.2565950284711067,
    "orient_err": 0.4328246739905667,
    "vel_err": 0.3463542317258311,
    "attr_err": 0.23153575511305888
  },
  "tp_scores": {
    "trans_err": 0.5175501862162212,
    "scale_err": 0.7434049715288933,
    "orient_err": 0.5671753260094333,
    "vel_err": 0.653645768274169,
    "attr_err": 0.7684642448869411
  },
  "nd_score": 0.5461787453348814,
  "eval_time": 6.0295631885528564,
  "cfg": {
    "class_range": {
      "car": 50,
      "truck": 50,
      "bus": 50,
      "trailer": 50,
      "construction_vehicle": 50,
      "pedestrian": 40,
      "motorcycle": 40,
      "bicycle": 40,
      "traffic_cone": 30,
      "barrier": 30
    },
    "dist_fcn": "center_distance",
    "dist_ths": [
      0.5,
      1.0,
      2.0,
      4.0
    ],
    "dist_th_tp": 2.0,
    "min_recall": 0.1,
    "min_precision": 0.1,
    "max_boxes_per_sample": 500,
    "mean_ap_weight": 5
  },
  "meta": {
    "use_lidar": false,
    "use_camera": true,
    "use_radar": true,
    "use_map": false,
    "use_external": false
  }
}