{
  "label_aps": {
    "car": {
      "0.5": 0.12085903742429491,
      "1.0": 0.2679289747724887,
      "2.0": 0.39018076014712494,
      "4.0": 0.42534762862192327
    },
    "truck": {
      "0.5": 0.12416010271177481,
      "1.0": 0.23574104802553042,
      "2.0": 0.49901496689013275,
      "4.0": 0.746645843930548
    },
    "bus": {
      "0.5": 0.019037389575935714,
      "1.0": 0.14904951350084059,
      "2.0": 0.262307221726871,
      "4.0": 0.38356376061040937
    },
    "trailer": {
      "0.5": 0.0,
      "1.0": 0.0,
      "2.0": 0.6586923576624272,
      "4.0": 0.6586923576624272
    },
    "construction_vehicle": {
      "0.5": 0.16807610609033177,
      "1.0": 0.5754068218043703,
      "2.0": 0.6091926805156556,
      "4.0": 0.6432797461857465
    },
    "pedestrian": {
      "0.5": 0.03416830894613683,
      "1.0": 0.07641311701970753,
      "2.0": 0.12053569573225398,
      "4.0": 0.16702433395936925
    },
    "motorcycle": {
      "0.5": 0.07936593725284216,
      "1.0": 0.15001014285090714,
      "2.0": 0.20197394579652042,
      "4.0": 0.21232997629494704
    },
    "bicycle": {
      "0.5": 0.07888107171662372,
      "1.0": 0.21470277751567657,
      "2.0": 0.28681314635852123,
      "4.0": 0.2969168275203931
    },
    "traffic_cone": {
      "0.5": 0.6673088620193,
      "1.0": 0.7449205335618972,
      "2.0": 0.7775800091321893,
      "4.0": 0.8004672851348084
    },
    "barrier": {
      "0.5": 0.45819866709645307,
      "1.0": 0.7398580612103213,
      "2.0": 0.7928455525029402,
      "4.0": 0.8147741570999639
    }
  },
  "mean_dist_aps": {
    "car": 0.30107910024145795,
    "truck": 0.4013904903894965,
    "bus": 0.20348947135351414,
    "trailer": 0.3293461788312136,
    "construction_vehicle": 0.49898883864902605,
    "pedestrian": 0.0995353639143669,
    "motorcycle": 0.16092000054880418,
    "bicycle": 0.21932845577780363,
    "traffic_cone": 0.7475691724620487,
    "barrier": 0.7014191094774196
  },
  "mean_ap": 0.3663066181645151,
  "label_tp_errors": {
    "car": {
      "trans_err": 0.47028176848208797,
      "scale_err": 0.14887820203751126,
      "orient_err": 0.17246172773668714,
      "vel_err": 0.7391861297670783,
      "attr_err": 0.15159861692284904
    },
    "truck": {
      "trans_err": 0.5200106859745408,
      "scale_err": 0.21208426827456847,
      "orient_err": 0.11305336931810184,
      "vel_err": 0.3480926278284347,
      "attr_err": 0.3942739577820816
    },
    "bus": {
      "trans_err": 0.6367013750044951,
      "scale_err": 0.20086905504186964,
      "orient_err": 0.1455720442241554,
      "vel_err": 1.2685587634144155,
      "attr_err": 0.40992588036080246
    },
    "trailer": {
      "trans_err": 1.0264109463215056,
      "scale_err": 0.3497169616943129,
      "orient_err": 0.2167674246739898,
      "vel_err": 0.180234881599373,
      "attr_err": 0.7927201562097123
    },
    "construction_vehicle": {
      "trans_err": 0.4612494375856444,
      "scale_err": 0.24101673790028386,
      "orient_err": 1.6963520840734485,
      "vel_err": 0.031415428514894574,
      "attr_err": 0.2439216464876306
    },
    "pedestrian": {
      "trans_err": 0.8141576564831259,
      "scale_err": 0.29162767732367106,
      "orient_err": 0.694899960501607,
      "vel_err": 0.5636164924253301,
      "attr_err": 0.19037361669489516
    },
    "motorcycle": {
      "trans_err": 0.40622820425606354,
      "scale_err": 0.2239332625663908,
      "orient_err": 0.3694558910196385,
      "vel_err": 0.20199541060576603,
      "attr_err": 0.32688860433511213
    },
    "bicycle": {
      "trans_err": 0.5577577034016494,
      "scale_err": 0.3046513879973372,
      "orient_err": 0.37322699144077326,
      "vel_err": 0.7988382690787077,
      "attr_err": 0.15068030015322453
    },
    "traffic_cone": {
      "trans_err": 0.2711178828210689,
      "scale_err": 0.33675945537365376,
      "orient_err": NaN,
      "vel_err": NaN,
      "attr_err": NaN
    },
    "barrier": {
      "trans_err": 0.33981973427797046,
      "scale_err": 0.30677022316881086,
      "orient_err": 0.09919348012896555,
      "vel_err": NaN,
      "attr_err": NaN
    }
  },
  "tp_errors": {
    "trans_err": 0.5503735394608152,
    "scale_err": 0.26163072313784097,
    "orient_err": 0.4312203303463741,
    "vel_err": 0.51649225040425,
    "attr_err": 0.33254784736828846
  },
  "tp_scores": {
    "trans_err": 0.44962646053918476,
    "scale_err": 0.738369276862159,
    "orient_err": 0.5687796696536259,
    "vel_err": 0.48350774959575005,
    "attr_err": 0.6674521526317115
  },
  "nd_score": 0.47392684001050067,
  "eval_time": 6.187760591506958,
  "cfg": {
    "class_range": {
      "car": 50,
      "truck": 50,
      "bus": 50,
      "trailer": 50,
      "construction_vehicle": 50,
      "pedestrian": 40,
      "motorcycle": 40,
      "bicycle": 40,
      "traffic_cone": 30,
      "barrier": 30
    },
    "dist_fcn": "center_distance",
    "dist_ths": [
      0.5,
      1.0,
      2.0,
      4.0
    ],
    "dist_th_tp": 2.0,
    "min_recall": 0.1,
    "min_precision": 0.1,
    "max_boxes_per_sample": 500,
    "mean_ap_weight": 5
  },
  "meta": {
    "use_lidar": false,
    "use_camera": true,
    "use_radar": true,
    "use_map": false,
    "use_external": false
  }
}