{
  "label_aps": {
    "car": {
      "0.5": 0.12086171308989736,
      "1.0": 0.2679542916705171,
      "2.0": 0.3901934518372026,
      "4.0": 0.42535224831393115
    },
    "truck": {
      "0.5": 0.12415899021369046,
      "1.0": 0.23573715444540078,
      "2.0": 0.4989814169115661,
      "4.0": 0.7466275273551815
    },
    "bus": {
      "0.5": 0.019037389575935714,
      "1.0": 0.14904951350084059,
      "2.0": 0.2622997077524451,
      "4.0": 0.3835819392006594
    },
    "trailer": {
      "0.5": 0.0,
      "1.0": 0.0,
      "2.0": 0.6586923576624272,
      "4.0": 0.6586923576624272
    },
    "construction_vehicle": {
      "0.5": 0.16807610609033177,
      "1.0": 0.5754068218043703,
      "2.0": 0.6091926805156556,
      "4.0": 0.6432797461857465
    },
    "pedestrian": {
      "0.5": 0.03416875546523752,
      "1.0": 0.07639852276868221,
      "2.0": 0.12054782483242799,
      "4.0": 0.1669792831602438
    },
    "motorcycle": {
      "0.5": 0.07936593725284216,
      "1.0": 0.15001014285090714,
      "2.0": 0.20197394579652042,
      "4.0": 0.21232997629494704
    },
    "bicycle": {
      "0.5": 0.07888107171662372,
      "1.0": 0.21470277751567657,
      "2.0": 0.28681314635852123,
      "4.0": 0.2969168275203931
    },
    "traffic_cone": {
      "0.5": 0.6673435540598184,
      "1.0": 0.7449122896482494,
      "2.0": 0.7775410747724019,
      "4.0": 0.8003690835020627
    },
    "barrier": {
      "0.5": 0.45818071572543945,
      "1.0": 0.7392333291792438,
      "2.0": 0.792847070354299,
      "4.0": 0.8147923794674504
    }
  },
  "mean_dist_aps": {
    "car": 0.30109042622788706,
    "truck": 0.4013762722314597,
    "bus": 0.2034921375074702,
    "trailer": 0.3293461788312136,
    "construction_vehicle": 0.49898883864902605,
    "pedestrian": 0.09952359655664789,
    "motorcycle": 0.16092000054880418,
    "bicycle": 0.21932845577780363,
    "traffic_cone": 0.7475415004956332,
    "barrier": 0.7012633736816082
  },
  "mean_ap": 0.36628707805075533,
  "label_tp_errors": {
    "car": {
      "trans_err": 0.4702926653791881,
      "scale_err": 0.14887974220749292,
      "orient_err": 0.17246796153806507,
      "vel_err": 0.7390865047930023,
      "attr_err": 0.15160570272387394
    },
    "truck": {
      "trans_err": 0.5200089837761976,
      "scale_err": 0.21208132731297974,
      "orient_err": 0.11304963846181654,
      "vel_err": 0.3480551551684242,
      "attr_err": 0.39426606060229696
    },
    "bus": {
      "trans_err": 0.6366930216540052,
      "scale_err": 0.2008671084623729,
      "orient_err": 0.14557696263478842,
      "vel_err": 1.2685686470729762,
      "attr_err": 0.4099245286082962
    },
    "trailer": {
      "trans_err": 1.0264137383989604,
      "scale_err": 0.349713721986327,
      "orient_err": 0.2167648819641197,
      "vel_err": 0.1802438073209955,
      "attr_err": 0.7927195314247586
    },
    "construction_vehicle": {
      "trans_err": 0.4612501802421457,
      "scale_err": 0.2410223005953996,
      "orient_err": 1.6961115891837442,
      "vel_err": 0.031415386084592614,
      "attr_err": 0.24392171200703053
    },
    "pedestrian": {
      "trans_err": 0.8141684200346545,
      "scale_err": 0.2916333010498788,
      "orient_err": 0.6948196419425268,
      "vel_err": 0.5636344441179234,
      "attr_err": 0.19036464102658995
    },
    "motorcycle": {
      "trans_err": 0.406221435994373,
      "scale_err": 0.22393810063579292,
      "orient_err": 0.36947158088308135,
      "vel_err": 0.2019916363597897,
      "attr_err": 0.3268873955004315
    },
    "bicycle": {
      "trans_err": 0.5577438622667895,
      "scale_err": 0.3046092473576183,
      "orient_err": 0.3734464264366753,
      "vel_err": 0.7988359191649546,
      "attr_err": 0.15067511956000038
    },
    "traffic_cone": {
      "trans_err": 0.27110992904478254,
      "scale_err": 0.33676078467294007,
      "orient_err": NaN,
      "vel_err": NaN,
      "attr_err": NaN
    },
    "barrier": {
      "trans_err": 0.33982459828801276,
      "scale_err": 0.3067660125803987,
      "orient_err": 0.09919378192041324,
      "vel_err": NaN,
      "attr_err": NaN
    }
  },
  "tp_errors": {
    "trans_err": 0.5503726835079109,
    "scale_err": 0.2616271646861201,
    "orient_err": 0.43121138499613676,
    "vel_err": 0.5164789375103324,
    "attr_err": 0.33254558643165977
  },
  "tp_scores": {
    "trans_err": 0.4496273164920891,
    "scale_err": 0.7383728353138799,
    "orient_err": 0.5687886150038632,
    "vel_err": 0.48352106248966764,
    "attr_err": 0.6674544135683402
  },
  "nd_score": 0.4739199633121617,
  "eval_time": 6.304513216018677,
  "cfg": {
    "class_range": {
      "car": 50,
      "truck": 50,
      "bus": 50,
      "trailer": 50,
      "construction_vehicle": 50,
      "pedestrian": 40,
      "motorcycle": 40,
      "bicycle": 40,
      "traffic_cone": 30,
      "barrier": 30
    },
    "dist_fcn": "center_distance",
    "dist_ths": [
      0.5,
      1.0,
      2.0,
      4.0
    ],
    "dist_th_tp": 2.0,
    "min_recall": 0.1,
    "min_precision": 0.1,
    "max_boxes_per_sample": 500,
    "mean_ap_weight": 5
  },
  "meta": {
    "use_lidar": false,
    "use_camera": true,
    "use_radar": true,
    "use_map": false,
    "use_external": false
  }
}