{
  "label_aps": {
    "car": {
      "0.5": 0.2610041145029163,
      "1.0": 0.41676614873235474,
      "2.0": 0.48927500580209793,
      "4.0": 0.5136335454440264
    },
    "truck": {
      "0.5": 0.2524903184771508,
      "1.0": 0.41612737688219115,
      "2.0": 0.6204363773363764,
      "4.0": 0.842964090365527
    },
    "bus": {
      "0.5": 0.06276092457524525,
      "1.0": 0.24793341899238125,
      "2.0": 0.4198715757531888,
      "4.0": 0.45747147869690064
    },
    "trailer": {
      "0.5": 0.023390517136244505,
      "1.0": 0.06369929365483638,
      "2.0": 0.8950534861670866,
      "4.0": 0.9725024786596927
    },
    "construction_vehicle": {
      "0.5": 0.4907871728451307,
      "1.0": 0.6193882883713666,
      "2.0": 0.6844592461375952,
      "4.0": 0.7357546846901846
    },
    "pedestrian": {
      "0.5": 0.05021274712167499,
      "1.0": 0.11113176053746987,
      "2.0": 0.16377931716229047,
      "4.0": 0.20811793597729558
    },
    "motorcycle": {
      "0.5": 0.10392942431139017,
      "1.0": 0.18815326503057658,
      "2.0": 0.2263012311785761,
      "4.0": 0.23049044853308773
    },
    "bicycle": {
      "0.5": 0.10838897371030506,
      "1.0": 0.2678672234085543,
      "2.0": 0.32016296861166155,
      "4.0": 0.3289893834035057
    },
    "traffic_cone": {
      "0.5": 0.6562224497987446,
      "1.0": 0.7513420292520571,
      "2.0": 0.78385461518898,
      "4.0": 0.8126269721863915
    },
    "barrier": {
      "0.5": 0.425197695169861,
      "1.0": 0.7707025221347491,
      "2.0": 0.8112238475802497,
      "4.0": 0.8265990223312814
    }
  },
  "mean_dist_aps": {
    "car": 0.42016970362034883,
    "truck": 0.5330045407653113,
    "bus": 0.297009349504429,
    "trailer": 0.4886614439044651,
    "construction_vehicle": 0.6325973480110693,
    "pedestrian": 0.13331044019968272,
    "motorcycle": 0.18721859226340765,
    "bicycle": 0.2563521372835067,
    "traffic_cone": 0.7510115166065432,
    "barrier": 0.7084307718040352
  },
  "mean_ap": 0.44077658439628,
  "label_tp_errors": {
    "car": {
      "trans_err": 0.3355501947368656,
      "scale_err": 0.1485074704451361,
      "orient_err": 0.14244681033141604,
      "vel_err": 0.4652296491989492,
      "attr_err": 0.11259631974289028
    },
    "truck": {
      "trans_err": 0.41092409388327694,
      "scale_err": 0.1898907476602963,
      "orient_err": 0.0891163990164837,
      "vel_err": 0.2888071867692456,
      "attr_err": 0.3550205119044118
    },
    "bus": {
      "trans_err": 0.554670761698345,
      "scale_err": 0.19035270942835092,
      "orient_err": 0.08398500567662609,
      "vel_err": 0.5601693038067981,
      "attr_err": 0.0098852136039788
    },
    "trailer": {
      "trans_err": 1.1033863598151519,
      "scale_err": 0.30552494705888067,
      "orient_err": 0.19445919746468038,
      "vel_err": 0.01207653675133674,
      "attr_err": 0.6096401106533322
    },
    "construction_vehicle": {
      "trans_err": 0.2641838773160733,
      "scale_err": 0.2744566720107074,
      "orient_err": 1.8112282944028963,
      "vel_err": 0.033229500532830705,
      "attr_err": 0.16515872879620117
    },
    "pedestrian": {
      "trans_err": 0.7437284157216375,
      "scale_err": 0.2869489240414444,
      "orient_err": 0.6328196371432935,
      "vel_err": 0.4940694149761015,
      "attr_err": 0.13981702423554995
    },
    "motorcycle": {
      "trans_err": 0.35702698743626116,
      "scale_err": 0.2229927747368387,
      "orient_err": 0.48060365118816734,
      "vel_err": 0.17342893897935044,
      "attr_err": 0.33646344248494947
    },
    "bicycle": {
      "trans_err": 0.49607132213696137,
      "scale_err": 0.2886063440695984,
      "orient_err": 0.3776259615842621,
      "vel_err": 0.6931375777421098,
      "attr_err": 0.15957499288826493
    },
    "traffic_cone": {
      "trans_err": 0.27458022981347413,
      "scale_err": 0.3343138484036761,
      "orient_err": NaN,
      "vel_err": NaN,
      "attr_err": NaN
    },
    "barrier": {
      "trans_err": 0.34056002684084175,
      "scale_err": 0.30969320101677633,
      "orient_err": 0.09495037280386853,
      "vel_err": NaN,
      "attr_err": NaN
    }
  },
  "tp_errors": {
    "trans_err": 0.4880682269398888,
    "scale_err": 0.25512876388717054,
    "orient_err": 0.4341372588457438,
    "vel_err": 0.34001851359459023,
    "attr_err": 0.23601954303869732
  },
  "tp_scores": {
    "trans_err": 0.5119317730601112,
    "scale_err": 0.7448712361128295,
    "orient_err": 0.5658627411542563,
    "vel_err": 0.6599814864054098,
    "attr_err": 0.7639804569613027
  },
  "nd_score": 0.5450510615675309,
  "eval_time": 6.089903354644775,
  "cfg": {
    "class_range": {
      "car": 50,
      "truck": 50,
      "bus": 50,
      "trailer": 50,
      "construction_vehicle": 50,
      "pedestrian": 40,
      "motorcycle": 40,
      "bicycle": 40,
      "traffic_cone": 30,
      "barrier": 30
    },
    "dist_fcn": "center_distance",
    "dist_ths": [
      0.5,
      1.0,
      2.0,
      4.0
    ],
    "dist_th_tp": 2.0,
    "min_recall": 0.1,
    "min_precision": 0.1,
    "max_boxes_per_sample": 500,
    "mean_ap_weight": 5
  },
  "meta": {
    "use_lidar": false,
    "use_camera": true,
    "use_radar": true,
    "use_map": false,
    "use_external": false
  }
}