{
  "label_aps": {
    "car": {
      "0.5": 0.12075178051658964,
      "1.0": 0.26778945131551063,
      "2.0": 0.39030641949787304,
      "4.0": 0.4254532778625532
    },
    "truck": {
      "0.5": 0.1241946086494104,
      "1.0": 0.235690614087034,
      "2.0": 0.4989944163340335,
      "4.0": 0.7466370813096179
    },
    "bus": {
      "0.5": 0.019023008805643647,
      "1.0": 0.1491633968792126,
      "2.0": 0.2625041515747925,
      "4.0": 0.3836258434615866
    },
    "trailer": {
      "0.5": 0.0,
      "1.0": 0.0,
      "2.0": 0.6593510702347202,
      "4.0": 0.6593510702347202
    },
    "construction_vehicle": {
      "0.5": 0.16807610609033177,
      "1.0": 0.5754068218043703,
      "2.0": 0.6091926805156556,
      "4.0": 0.6432797461857465
    },
    "pedestrian": {
      "0.5": 0.03416485154771129,
      "1.0": 0.076405526803678,
      "2.0": 0.12055574836905035,
      "4.0": 0.16702205390944508
    },
    "motorcycle": {
      "0.5": 0.07932439826748296,
      "1.0": 0.14995635206469854,
      "2.0": 0.20197394579652042,
      "4.0": 0.21232997629494704
    },
    "bicycle": {
      "0.5": 0.07882664492492887,
      "1.0": 0.2147099691284036,
      "2.0": 0.28683959424195776,
      "4.0": 0.2969466523069589
    },
    "traffic_cone": {
      "0.5": 0.6673090735962867,
      "1.0": 0.744993597250268,
      "2.0": 0.7776967989103618,
      "4.0": 0.8004446235321144
    },
    "barrier": {
      "0.5": 0.45824362785481354,
      "1.0": 0.7392215627813966,
      "2.0": 0.7928450859235664,
      "4.0": 0.8148291653651842
    }
  },
  "mean_dist_aps": {
    "car": 0.30107523229813166,
    "truck": 0.40137918009502394,
    "bus": 0.20357910018030884,
    "trailer": 0.3296755351173601,
    "construction_vehicle": 0.49898883864902605,
    "pedestrian": 0.09953704515747118,
    "motorcycle": 0.16089616810591223,
    "bicycle": 0.2193307151505623,
    "traffic_cone": 0.7476110233222577,
    "barrier": 0.7012848604812402
  },
  "mean_ap": 0.3663357698557294,
  "label_tp_errors": {
    "car": {
      "trans_err": 0.4704629242000242,
      "scale_err": 0.14887844901410122,
      "orient_err": 0.17247690300162127,
      "vel_err": 0.7390584995115993,
      "attr_err": 0.15162543721331057
    },
    "truck": {
      "trans_err": 0.5201603857958714,
      "scale_err": 0.2121901658667248,
      "orient_err": 0.1130263284496056,
      "vel_err": 0.3477418682735235,
      "attr_err": 0.394204781687976
    },
    "bus": {
      "trans_err": 0.6367068830581272,
      "scale_err": 0.2008784512360111,
      "orient_err": 0.145483907313648,
      "vel_err": 1.2683437869651675,
      "attr_err": 0.40994997078836404
    },
    "trailer": {
      "trans_err": 1.0263078956390523,
      "scale_err": 0.3497204438609634,
      "orient_err": 0.21680553929112173,
      "vel_err": 0.18030443308934593,
      "attr_err": 0.7926211118714861
    },
    "construction_vehicle": {
      "trans_err": 0.46136377417798785,
      "scale_err": 0.24117001585120518,
      "orient_err": 1.6946422895280546,
      "vel_err": 0.031401944765329655,
      "attr_err": 0.24436088541817483
    },
    "pedestrian": {
      "trans_err": 0.814141382820321,
      "scale_err": 0.29162470422699943,
      "orient_err": 0.6949673458863911,
      "vel_err": 0.5636341472441648,
      "attr_err": 0.19039985155811284
    },
    "motorcycle": {
      "trans_err": 0.40622479704599834,
      "scale_err": 0.22395790532208712,
      "orient_err": 0.36941795580372405,
      "vel_err": 0.2020102668342898,
      "attr_err": 0.3268850582734291
    },
    "bicycle": {
      "trans_err": 0.5577272779175368,
      "scale_err": 0.3046207593545244,
      "orient_err": 0.3733977344158866,
      "vel_err": 0.7989950626007213,
      "attr_err": 0.1506584966484433
    },
    "traffic_cone": {
      "trans_err": 0.27178273400711717,
      "scale_err": 0.33669951530509545,
      "orient_err": NaN,
      "vel_err": NaN,
      "attr_err": NaN
    },
    "barrier": {
      "trans_err": 0.33979998874520867,
      "scale_err": 0.306773413860834,
      "orient_err": 0.09921591597412535,
      "vel_err": NaN,
      "attr_err": NaN
    }
  },
  "tp_errors": {
    "trans_err": 0.5504678043407245,
    "scale_err": 0.26165138238985464,
    "orient_err": 0.43104821329601983,
    "vel_err": 0.5164362511605177,
    "attr_err": 0.3325881991824121
  },
  "tp_scores": {
    "trans_err": 0.4495321956592755,
    "scale_err": 0.7383486176101454,
    "orient_err": 0.5689517867039802,
    "vel_err": 0.4835637488394823,
    "attr_err": 0.6674118008175879
  },
  "nd_score": 0.4739486998909118,
  "eval_time": 6.239233493804932,
  "cfg": {
    "class_range": {
      "car": 50,
      "truck": 50,
      "bus": 50,
      "trailer": 50,
      "construction_vehicle": 50,
      "pedestrian": 40,
      "motorcycle": 40,
      "bicycle": 40,
      "traffic_cone": 30,
      "barrier": 30
    },
    "dist_fcn": "center_distance",
    "dist_ths": [
      0.5,
      1.0,
      2.0,
      4.0
    ],
    "dist_th_tp": 2.0,
    "min_recall": 0.1,
    "min_precision": 0.1,
    "max_boxes_per_sample": 500,
    "mean_ap_weight": 5
  },
  "meta": {
    "use_lidar": false,
    "use_camera": true,
    "use_radar": true,
    "use_map": false,
    "use_external": false
  }
}