{
  "label_aps": {
    "car": {
      "0.5": 0.16022108152524525,
      "1.0": 0.32344485726073835,
      "2.0": 0.4453476484657178,
      "4.0": 0.48436853070039937
    },
    "truck": {
      "0.5": 0.18266213949636104,
      "1.0": 0.29922629492754266,
      "2.0": 0.5498078580493874,
      "4.0": 0.8124486575236147
    },
    "bus": {
      "0.5": 0.03770041694885584,
      "1.0": 0.1746972766990782,
      "2.0": 0.3760151610879958,
      "4.0": 0.4315546134698789
    },
    "trailer": {
      "0.5": 0.0,
      "1.0": 0.002229259033333411,
      "2.0": 0.9377008424070521,
      "4.0": 0.9559865986531582
    },
    "construction_vehicle": {
      "0.5": 0.35273247529532864,
      "1.0": 0.6008703321242662,
      "2.0": 0.6681516835594894,
      "4.0": 0.6823566259347373
    },
    "pedestrian": {
      "0.5": 0.04166216479718917,
      "1.0": 0.09510213588806324,
      "2.0": 0.14850952953813032,
      "4.0": 0.1982751884194883
    },
    "motorcycle": {
      "0.5": 0.11046661668687272,
      "1.0": 0.17296009435368487,
      "2.0": 0.21066725730212915,
      "4.0": 0.2191246508577225
    },
    "bicycle": {
      "0.5": 0.05448618929961277,
      "1.0": 0.24116191828543626,
      "2.0": 0.2849708668274561,
      "4.0": 0.2963006500234466
    },
    "traffic_cone": {
      "0.5": 0.6552907425733303,
      "1.0": 0.747372786831352,
      "2.0": 0.7864549488265906,
      "4.0": 0.8124199652246857
    },
    "barrier": {
      "0.5": 0.46717079812848494,
      "1.0": 0.7524105068622706,
      "2.0": 0.8060164243971347,
      "4.0": 0.8238341705490718
    }
  },
  "mean_dist_aps": {
    "car": 0.35334552948802517,
    "truck": 0.46103623749922645,
    "bus": 0.25499186705145216,
    "trailer": 0.47397917502338593,
    "construction_vehicle": 0.5760277792284554,
    "pedestrian": 0.12088725466071776,
    "motorcycle": 0.17830465480010232,
    "bicycle": 0.2192299061089879,
    "traffic_cone": 0.7503846108639897,
    "barrier": 0.7123579749842406
  },
  "mean_ap": 0.4100544989708584,
  "label_tp_errors": {
    "car": {
      "trans_err": 0.43111479620963017,
      "scale_err": 0.14831031289199068,
      "orient_err": 0.15896592827965667,
      "vel_err": 0.5476678492476283,
      "attr_err": 0.12278303951376758
    },
    "truck": {
      "trans_err": 0.47616572341682667,
      "scale_err": 0.19969960544226595,
      "orient_err": 0.10952511711150384,
      "vel_err": 0.29610347157966105,
      "attr_err": 0.3400465554801656
    },
    "bus": {
      "trans_err": 0.6517927768859945,
      "scale_err": 0.19348790045985229,
      "orient_err": 0.08990661807792746,
      "vel_err": 0.708664722481126,
      "attr_err": 0.059506221597902656
    },
    "trailer": {
      "trans_err": 1.1230955856035951,
      "scale_err": 0.3051596045920755,
      "orient_err": 0.1962286181295208,
      "vel_err": 0.010795954299039212,
      "attr_err": 0.6826722602482289
    },
    "construction_vehicle": {
      "trans_err": 0.36190815586100106,
      "scale_err": 0.24150501796872492,
      "orient_err": 1.7120110184026394,
      "vel_err": 0.032489460473423847,
      "attr_err": 0.2175628754985332
    },
    "pedestrian": {
      "trans_err": 0.7757605606840086,
      "scale_err": 0.28916196710585446,
      "orient_err": 0.6725096241281104,
      "vel_err": 0.533027593824486,
      "attr_err": 0.16202020622147925
    },
    "motorcycle": {
      "trans_err": 0.3294028873237641,
      "scale_err": 0.21146944568773515,
      "orient_err": 0.33701208145207023,
      "vel_err": 0.18640652311271846,
      "attr_err": 0.3333087157253802
    },
    "bicycle": {
      "trans_err": 0.5454061434701198,
      "scale_err": 0.2819018580024932,
      "orient_err": 0.38272951703783525,
      "vel_err": 0.7354681118432069,
      "attr_err": 0.15284784337613508
    },
    "traffic_cone": {
      "trans_err": 0.2828916572684772,
      "scale_err": 0.34164014986388813,
      "orient_err": NaN,
      "vel_err": NaN,
      "attr_err": NaN
    },
    "barrier": {
      "trans_err": 0.3434012547102384,
      "scale_err": 0.31014418290246776,
      "orient_err": 0.09951672800365488,
      "vel_err": NaN,
      "attr_err": NaN
    }
  },
  "tp_errors": {
    "trans_err": 0.5320939541433656,
    "scale_err": 0.2522480044917348,
    "orient_err": 0.4176005834025466,
    "vel_err": 0.3813279608576612,
    "attr_err": 0.25884346470769903
  },
  "tp_scores": {
    "trans_err": 0.4679060458566344,
    "scale_err": 0.7477519955082652,
    "orient_err": 0.5823994165974534,
    "vel_err": 0.6186720391423388,
    "attr_err": 0.741156535292301
  },
  "nd_score": 0.5208158527251284,
  "eval_time": 6.183140277862549,
  "cfg": {
    "class_range": {
      "car": 50,
      "truck": 50,
      "bus": 50,
      "trailer": 50,
      "construction_vehicle": 50,
      "pedestrian": 40,
      "motorcycle": 40,
      "bicycle": 40,
      "traffic_cone": 30,
      "barrier": 30
    },
    "dist_fcn": "center_distance",
    "dist_ths": [
      0.5,
      1.0,
      2.0,
      4.0
    ],
    "dist_th_tp": 2.0,
    "min_recall": 0.1,
    "min_precision": 0.1,
    "max_boxes_per_sample": 500,
    "mean_ap_weight": 5
  },
  "meta": {
    "use_lidar": false,
    "use_camera": true,
    "use_radar": true,
    "use_map": false,
    "use_external": false
  }
}