{
  "label_aps": {
    "car": {
      "0.5": 0.2710132883860442,
      "1.0": 0.42720524507451624,
      "2.0": 0.4937016939024754,
      "4.0": 0.5174776889038406
    },
    "truck": {
      "0.5": 0.264591648401075,
      "1.0": 0.42918488713645975,
      "2.0": 0.6217702471467351,
      "4.0": 0.8466035321109334
    },
    "bus": {
      "0.5": 0.05545312367652949,
      "1.0": 0.26435413517205875,
      "2.0": 0.4242075808074259,
      "4.0": 0.4575234862170035
    },
    "trailer": {
      "0.5": 0.009232804232804233,
      "1.0": 0.08728719948018193,
      "2.0": 0.7037118203814438,
      "4.0": 0.9780516873417275
    },
    "construction_vehicle": {
      "0.5": 0.4511457558501831,
      "1.0": 0.6165924078889985,
      "2.0": 0.688262871425424,
      "4.0": 0.7291597339440329
    },
    "pedestrian": {
      "0.5": 0.05472622259745531,
      "1.0": 0.11241781402671769,
      "2.0": 0.16799526068852277,
      "4.0": 0.21237973602605595
    },
    "motorcycle": {
      "0.5": 0.09817411849440369,
      "1.0": 0.19233446024328144,
      "2.0": 0.22819491242519793,
      "4.0": 0.23059935280204302
    },
    "bicycle": {
      "0.5": 0.09574307503605756,
      "1.0": 0.2616998967584532,
      "2.0": 0.33260769938848483,
      "4.0": 0.3377620128776007
    },
    "traffic_cone": {
      "0.5": 0.6576674496265098,
      "1.0": 0.7560133817212157,
      "2.0": 0.7909051334801837,
      "4.0": 0.816654728414896
    },
    "barrier": {
      "0.5": 0.44187168487586487,
      "1.0": 0.7759208424522416,
      "2.0": 0.8122811073804979,
      "4.0": 0.8278492507507493
    }
  },
  "mean_dist_aps": {
    "car": 0.4273494790667191,
    "truck": 0.5405375786988008,
    "bus": 0.3003845814682544,
    "trailer": 0.44457087785903937,
    "construction_vehicle": 0.6212901922771596,
    "pedestrian": 0.13687975833468793,
    "motorcycle": 0.18732571099123152,
    "bicycle": 0.2569531710151491,
    "traffic_cone": 0.7553101733107013,
    "barrier": 0.7144807213648385
  },
  "mean_ap": 0.4385082244386581,
  "label_tp_errors": {
    "car": {
      "trans_err": 0.3265167879851222,
      "scale_err": 0.14978427769387706,
      "orient_err": 0.14034955241221683,
      "vel_err": 0.4388089409221934,
      "attr_err": 0.11112397398192528
    },
    "truck": {
      "trans_err": 0.39857566043411596,
      "scale_err": 0.18684268037099477,
      "orient_err": 0.08534853379428456,
      "vel_err": 0.2697007699941181,
      "attr_err": 0.3567159335507338
    },
    "bus": {
      "trans_err": 0.5652048939113293,
      "scale_err": 0.1902361234069801,
      "orient_err": 0.07387473573371721,
      "vel_err": 0.5837641739365821,
      "attr_err": 0.0029759221275436347
    },
    "trailer": {
      "trans_err": 1.1874698786433777,
      "scale_err": 0.31898385713921945,
      "orient_err": 0.1946142821824962,
      "vel_err": 0.014385221002815977,
      "attr_err": 0.5573684655739005
    },
    "construction_vehicle": {
      "trans_err": 0.26706645673618584,
      "scale_err": 0.27551035052418305,
      "orient_err": 1.816736046703107,
      "vel_err": 0.03341015008138115,
      "attr_err": 0.17196693792376647
    },
    "pedestrian": {
      "trans_err": 0.7318444506307793,
      "scale_err": 0.28493312270391363,
      "orient_err": 0.60731634459399,
      "vel_err": 0.4918659791890456,
      "attr_err": 0.13724647776107976
    },
    "motorcycle": {
      "trans_err": 0.34876302943113763,
      "scale_err": 0.22318419055490435,
      "orient_err": 0.47796077670244647,
      "vel_err": 0.1674095704195054,
      "attr_err": 0.32916330979063535
    },
    "bicycle": {
      "trans_err": 0.5284249882397816,
      "scale_err": 0.28905548746045806,
      "orient_err": 0.37580376334928467,
      "vel_err": 0.7098639199515587,
      "attr_err": 0.15720616184071695
    },
    "traffic_cone": {
      "trans_err": 0.27791656809325593,
      "scale_err": 0.3335309352334611,
      "orient_err": NaN,
      "vel_err": NaN,
      "attr_err": NaN
    },
    "barrier": {
      "trans_err": 0.3330187762721457,
      "scale_err": 0.31135366176396406,
      "orient_err": 0.0944336707995159,
      "vel_err": NaN,
      "attr_err": NaN
    }
  },
  "tp_errors": {
    "trans_err": 0.4964801490377232,
    "scale_err": 0.2563414686851956,
    "orient_err": 0.4296041895856732,
    "vel_err": 0.33865109068715005,
    "attr_err": 0.2279708978187877
  },
  "tp_scores": {
    "trans_err": 0.5035198509622768,
    "scale_err": 0.7436585313148044,
    "orient_err": 0.5703958104143267,
    "vel_err": 0.66134890931285,
    "attr_err": 0.7720291021812122
  },
  "nd_score": 0.5443493326378761,
  "eval_time": 5.8449835777282715,
  "cfg": {
    "class_range": {
      "car": 50,
      "truck": 50,
      "bus": 50,
      "trailer": 50,
      "construction_vehicle": 50,
      "pedestrian": 40,
      "motorcycle": 40,
      "bicycle": 40,
      "traffic_cone": 30,
      "barrier": 30
    },
    "dist_fcn": "center_distance",
    "dist_ths": [
      0.5,
      1.0,
      2.0,
      4.0
    ],
    "dist_th_tp": 2.0,
    "min_recall": 0.1,
    "min_precision": 0.1,
    "max_boxes_per_sample": 500,
    "mean_ap_weight": 5
  },
  "meta": {
    "use_lidar": false,
    "use_camera": true,
    "use_radar": true,
    "use_map": false,
    "use_external": false
  }
}