{
  "label_aps": {
    "car": {
      "0.5": 0.12075662191406807,
      "1.0": 0.2677880038444727,
      "2.0": 0.39028483164316496,
      "4.0": 0.4253404524717064
    },
    "truck": {
      "0.5": 0.12419088248341648,
      "1.0": 0.23570977285586026,
      "2.0": 0.49899659166862664,
      "4.0": 0.7466903402774907
    },
    "bus": {
      "0.5": 0.019030166939825947,
      "1.0": 0.14914910408628254,
      "2.0": 0.26245857741120027,
      "4.0": 0.383592112692063
    },
    "trailer": {
      "0.5": 0.0,
      "1.0": 0.0,
      "2.0": 0.6586923576624272,
      "4.0": 0.6586923576624272
    },
    "construction_vehicle": {
      "0.5": 0.16840647987749569,
      "1.0": 0.5754068218043703,
      "2.0": 0.6091926805156556,
      "4.0": 0.6432797461857465
    },
    "pedestrian": {
      "0.5": 0.03417849621001446,
      "1.0": 0.07642387875199344,
      "2.0": 0.12052967655533421,
      "4.0": 0.16699040666288162
    },
    "motorcycle": {
      "0.5": 0.07936593725284216,
      "1.0": 0.15001014285090714,
      "2.0": 0.20197394579652042,
      "4.0": 0.21232997629494704
    },
    "bicycle": {
      "0.5": 0.07891713702372462,
      "1.0": 0.21470636554281064,
      "2.0": 0.2868287956638661,
      "4.0": 0.2969270322909814
    },
    "traffic_cone": {
      "0.5": 0.667416225177374,
      "1.0": 0.7449634510704433,
      "2.0": 0.7775755370630759,
      "4.0": 0.8004362765859745
    },
    "barrier": {
      "0.5": 0.45675887534222864,
      "1.0": 0.7391480751840681,
      "2.0": 0.7928177608344348,
      "4.0": 0.8147901625652211
    }
  },
  "mean_dist_aps": {
    "car": 0.301042477468353,
    "truck": 0.4013968968213485,
    "bus": 0.20355749028234293,
    "trailer": 0.3293461788312136,
    "construction_vehicle": 0.499071432095817,
    "pedestrian": 0.09953061454505593,
    "motorcycle": 0.16092000054880418,
    "bicycle": 0.21934483263034568,
    "traffic_cone": 0.7475978724742169,
    "barrier": 0.7008787184814882
  },
  "mean_ap": 0.36626865141789855,
  "label_tp_errors": {
    "car": {
      "trans_err": 0.4704695799747014,
      "scale_err": 0.14887875088769506,
      "orient_err": 0.17239591109436267,
      "vel_err": 0.7388813428691946,
      "attr_err": 0.15165303785181264
    },
    "truck": {
      "trans_err": 0.5199760719456396,
      "scale_err": 0.21209223194505,
      "orient_err": 0.11304164213020775,
      "vel_err": 0.3480175239213692,
      "attr_err": 0.39429600320766106
    },
    "bus": {
      "trans_err": 0.6367277340357044,
      "scale_err": 0.2008733665391965,
      "orient_err": 0.14550572360402758,
      "vel_err": 1.2685530192704153,
      "attr_err": 0.40989838580970434
    },
    "trailer": {
      "trans_err": 1.0263849449463667,
      "scale_err": 0.34972591436748135,
      "orient_err": 0.21679252909972915,
      "vel_err": 0.1803366444840173,
      "attr_err": 0.7927106330679374
    },
    "construction_vehicle": {
      "trans_err": 0.461194492024668,
      "scale_err": 0.2411619928237369,
      "orient_err": 1.695178496843954,
      "vel_err": 0.031411856440303414,
      "attr_err": 0.24436130235743383
    },
    "pedestrian": {
      "trans_err": 0.8132728904187226,
      "scale_err": 0.29155948534262255,
      "orient_err": 0.6948185096084604,
      "vel_err": 0.5635624099489488,
      "attr_err": 0.19034000969731477
    },
    "motorcycle": {
      "trans_err": 0.40621614412293994,
      "scale_err": 0.22393849078619588,
      "orient_err": 0.3695087731634511,
      "vel_err": 0.20199623675623152,
      "attr_err": 0.3268862254070919
    },
    "bicycle": {
      "trans_err": 0.5577414421563802,
      "scale_err": 0.3046237692078643,
      "orient_err": 0.3736361891572285,
      "vel_err": 0.7989136919526421,
      "attr_err": 0.15066883364528408
    },
    "traffic_cone": {
      "trans_err": 0.27114000391988946,
      "scale_err": 0.33677930409124046,
      "orient_err": NaN,
      "vel_err": NaN,
      "attr_err": NaN
    },
    "barrier": {
      "trans_err": 0.34016840580850294,
      "scale_err": 0.30676590625562455,
      "orient_err": 0.09918017077898114,
      "vel_err": NaN,
      "attr_err": NaN
    }
  },
  "tp_errors": {
    "trans_err": 0.5503291709353515,
    "scale_err": 0.2616399212246708,
    "orient_err": 0.4311175494978225,
    "vel_err": 0.5164590907053903,
    "attr_err": 0.33260180388052996
  },
  "tp_scores": {
    "trans_err": 0.4496708290646485,
    "scale_err": 0.7383600787753293,
    "orient_err": 0.5688824505021775,
    "vel_err": 0.4835409092946097,
    "attr_err": 0.66739819611947
  },
  "nd_score": 0.47391957208457275,
  "eval_time": 6.1968934535980225,
  "cfg": {
    "class_range": {
      "car": 50,
      "truck": 50,
      "bus": 50,
      "trailer": 50,
      "construction_vehicle": 50,
      "pedestrian": 40,
      "motorcycle": 40,
      "bicycle": 40,
      "traffic_cone": 30,
      "barrier": 30
    },
    "dist_fcn": "center_distance",
    "dist_ths": [
      0.5,
      1.0,
      2.0,
      4.0
    ],
    "dist_th_tp": 2.0,
    "min_recall": 0.1,
    "min_precision": 0.1,
    "max_boxes_per_sample": 500,
    "mean_ap_weight": 5
  },
  "meta": {
    "use_lidar": false,
    "use_camera": true,
    "use_radar": true,
    "use_map": false,
    "use_external": false
  }
}