{
  "label_aps": {
    "car": {
      "0.5": 0.016509906223331074,
      "1.0": 0.12969484835440576,
      "2.0": 0.25937038913901295,
      "4.0": 0.3230029185515127
    },
    "truck": {
      "0.5": 0.0,
      "1.0": 0.02161661666619719,
      "2.0": 0.11977430683575864,
      "4.0": 0.31258705633526584
    },
    "bus": {
      "0.5": 0.0,
      "1.0": 0.0,
      "2.0": 0.00969115426696032,
      "4.0": 0.049103569646605186
    },
    "trailer": {
      "0.5": 0.0,
      "1.0": 0.0,
      "2.0": 0.29827481255493654,
      "4.0": 0.29827481255493654
    },
    "construction_vehicle": {
      "0.5": 0.0,
      "1.0": 0.0,
      "2.0": 0.198144207688665,
      "4.0": 0.34132425421861734
    },
    "pedestrian": {
      "0.5": 9.370351050058917e-05,
      "1.0": 0.004535027587241349,
      "2.0": 0.01644034135344649,
      "4.0": 0.05458032301327478
    },
    "motorcycle": {
      "0.5": 0.0,
      "1.0": 0.00031707250200623444,
      "2.0": 0.005322139040641898,
      "4.0": 0.011523229574611667
    },
    "bicycle": {
      "0.5": 0.0,
      "1.0": 0.0,
      "2.0": 0.0,
      "4.0": 0.0
    },
    "traffic_cone": {
      "0.5": 0.1544953043934106,
      "1.0": 0.31287432390434905,
      "2.0": 0.3734881857164718,
      "4.0": 0.48603832143023656
    },
    "barrier": {
      "0.5": 0.031167426400572573,
      "1.0": 0.22767689950781275,
      "2.0": 0.34822567447034775,
      "4.0": 0.4212068284173843
    }
  },
  "mean_dist_aps": {
    "car": 0.18214451556706562,
    "truck": 0.11349449495930541,
    "bus": 0.014698680978391377,
    "trailer": 0.14913740627746827,
    "construction_vehicle": 0.1348671154768206,
    "pedestrian": 0.0189123488661158,
    "motorcycle": 0.00429061027931495,
    "bicycle": 0.0,
    "traffic_cone": 0.331724033861117,
    "barrier": 0.25706920719902937
  },
  "mean_ap": 0.12063384134646285,
  "label_tp_errors": {
    "car": {
      "trans_err": 0.6763055278138079,
      "scale_err": 0.17022934036973297,
      "orient_err": 0.33475199465649225,
      "vel_err": 0.9618195322220638,
      "attr_err": 0.17716132875136212
    },
    "truck": {
      "trans_err": 0.908704757148155,
      "scale_err": 0.2354638755167676,
      "orient_err": 0.27509230900673115,
      "vel_err": 0.6009184629024731,
      "attr_err": 0.35520822045234945
    },
    "bus": {
      "trans_err": 0.9090943934131744,
      "scale_err": 0.24568076469756717,
      "orient_err": 0.1449395359323888,
      "vel_err": 2.349954339930009,
      "attr_err": 0.6202937003476088
    },
    "trailer": {
      "trans_err": 1.2611273939052432,
      "scale_err": 0.35142845183092625,
      "orient_err": 0.10643386479580763,
      "vel_err": 0.21023764338029607,
      "attr_err": 1.0
    },
    "construction_vehicle": {
      "trans_err": 1.1294865244066536,
      "scale_err": 0.3367041753341063,
      "orient_err": 2.2082541963493605,
      "vel_err": 0.03621333227922314,
      "attr_err": 0.3614296288985963
    },
    "pedestrian": {
      "trans_err": 1.0824368102502888,
      "scale_err": 0.2593754091871189,
      "orient_err": 1.0363091775957096,
      "vel_err": 0.842092356355133,
      "attr_err": 0.2739004756205438
    },
    "motorcycle": {
      "trans_err": 1.1132682729359662,
      "scale_err": 0.21042017039328945,
      "orient_err": 1.5475153044071956,
      "vel_err": 0.44495648960249723,
      "attr_err": 0.5040430105016214
    },
    "bicycle": {
      "trans_err": 1.0,
      "scale_err": 1.0,
      "orient_err": 1.0,
      "vel_err": 1.0,
      "attr_err": 1.0
    },
    "traffic_cone": {
      "trans_err": 0.5717616012537899,
      "scale_err": 0.41152697949819794,
      "orient_err": NaN,
      "vel_err": NaN,
      "attr_err": NaN
    },
    "barrier": {
      "trans_err": 0.7115455799372568,
      "scale_err": 0.4110304400780785,
      "orient_err": 0.1683231834627336,
      "vel_err": NaN,
      "attr_err": NaN
    }
  },
  "tp_errors": {
    "trans_err": 0.9363730861064337,
    "scale_err": 0.36318596069057857,
    "orient_err": 0.757957729578491,
    "vel_err": 0.8057740195839619,
    "attr_err": 0.5365045455715103
  },
  "tp_scores": {
    "trans_err": 0.06362691389356634,
    "scale_err": 0.6368140393094215,
    "orient_err": 0.24204227042150905,
    "vel_err": 0.1942259804160381,
    "attr_err": 0.4634954544284897
  },
  "nd_score": 0.2203373865201339,
  "eval_time": 8.081312894821167,
  "cfg": {
    "class_range": {
      "car": 50,
      "truck": 50,
      "bus": 50,
      "trailer": 50,
      "construction_vehicle": 50,
      "pedestrian": 40,
      "motorcycle": 40,
      "bicycle": 40,
      "traffic_cone": 30,
      "barrier": 30
    },
    "dist_fcn": "center_distance",
    "dist_ths": [
      0.5,
      1.0,
      2.0,
      4.0
    ],
    "dist_th_tp": 2.0,
    "min_recall": 0.1,
    "min_precision": 0.1,
    "max_boxes_per_sample": 500,
    "mean_ap_weight": 5
  },
  "meta": {
    "use_lidar": false,
    "use_camera": true,
    "use_radar": true,
    "use_map": false,
    "use_external": false
  }
}