{
  "label_aps": {
    "car": {
      "0.5": 0.061644407101356144,
      "1.0": 0.21848827417868677,
      "2.0": 0.3425547072568863,
      "4.0": 0.3984833942253806
    },
    "truck": {
      "0.5": 0.05380080560440986,
      "1.0": 0.19169971195869118,
      "2.0": 0.42918058420827065,
      "4.0": 0.6665854222068174
    },
    "bus": {
      "0.5": 0.0,
      "1.0": 0.11506575367962117,
      "2.0": 0.2617199309045198,
      "4.0": 0.36120615045601895
    },
    "trailer": {
      "0.5": 0.0,
      "1.0": 0.0,
      "2.0": 0.33385140926736767,
      "4.0": 0.33385140926736767
    },
    "construction_vehicle": {
      "0.5": 0.1212051099642299,
      "1.0": 0.5589161816774744,
      "2.0": 0.6181903731296168,
      "4.0": 0.6294215894168824
    },
    "pedestrian": {
      "0.5": 0.016714754036360035,
      "1.0": 0.054252790417596994,
      "2.0": 0.09639065625837856,
      "4.0": 0.14300186068242945
    },
    "motorcycle": {
      "0.5": 0.013502029833870537,
      "1.0": 0.0929253322509961,
      "2.0": 0.17345121696080015,
      "4.0": 0.19882858544395426
    },
    "bicycle": {
      "0.5": 0.03456984262696055,
      "1.0": 0.11861747862672967,
      "2.0": 0.19052992075889183,
      "4.0": 0.19713449313558215
    },
    "traffic_cone": {
      "0.5": 0.5804787014253757,
      "1.0": 0.7320752207560386,
      "2.0": 0.7762401311599637,
      "4.0": 0.8008858153616887
    },
    "barrier": {
      "0.5": 0.11145620774983205,
      "1.0": 0.5316043125750002,
      "2.0": 0.7121809797768993,
      "4.0": 0.782924503127002
    }
  },
  "mean_dist_aps": {
    "car": 0.25529269569057744,
    "truck": 0.3353166309945472,
    "bus": 0.18449795876004,
    "trailer": 0.16692570463368384,
    "construction_vehicle": 0.4819333135470509,
    "pedestrian": 0.07759001534869125,
    "motorcycle": 0.11967679112240527,
    "bicycle": 0.13521293378704105,
    "traffic_cone": 0.7224199671757667,
    "barrier": 0.5345415008071834
  },
  "mean_ap": 0.3013407511866987,
  "label_tp_errors": {
    "car": {
      "trans_err": 0.5632225560528358,
      "scale_err": 0.15578229800975396,
      "orient_err": 0.2077236958627281,
      "vel_err": 0.7354603101582494,
      "attr_err": 0.16314105062661674
    },
    "truck": {
      "trans_err": 0.620016404287865,
      "scale_err": 0.2192357619474966,
      "orient_err": 0.12313502378377164,
      "vel_err": 0.37548678440656935,
      "attr_err": 0.4276654627655771
    },
    "bus": {
      "trans_err": 0.7156261712343291,
      "scale_err": 0.2099690905643185,
      "orient_err": 0.20370771909118127,
      "vel_err": 1.4103881322980196,
      "attr_err": 0.35962844674549366
    },
    "trailer": {
      "trans_err": 1.059480180715425,
      "scale_err": 0.38411581625457863,
      "orient_err": 0.1785192093388146,
      "vel_err": 0.5403993659544923,
      "attr_err": 0.7472478024744819
    },
    "construction_vehicle": {
      "trans_err": 0.4837564147806973,
      "scale_err": 0.377041052756653,
      "orient_err": 1.733089238397198,
      "vel_err": 0.026719629149102808,
      "attr_err": 0.3109753587542666
    },
    "pedestrian": {
      "trans_err": 0.8951776585270511,
      "scale_err": 0.30044704390511817,
      "orient_err": 0.681015845389005,
      "vel_err": 0.565886609167648,
      "attr_err": 0.21338362545773187
    },
    "motorcycle": {
      "trans_err": 0.6429112807663223,
      "scale_err": 0.2286452168217012,
      "orient_err": 0.36098646868922685,
      "vel_err": 0.20517968035956083,
      "attr_err": 0.29844184758538145
    },
    "bicycle": {
      "trans_err": 0.6611484204795743,
      "scale_err": 0.30969058299907554,
      "orient_err": 0.36689120615670734,
      "vel_err": 0.7643413207933002,
      "attr_err": 0.05377422166795888
    },
    "traffic_cone": {
      "trans_err": 0.33147176769822556,
      "scale_err": 0.3562580384654309,
      "orient_err": NaN,
      "vel_err": NaN,
      "attr_err": NaN
    },
    "barrier": {
      "trans_err": 0.5586108772541346,
      "scale_err": 0.331838182790393,
      "orient_err": 0.1484355927141592,
      "vel_err": NaN,
      "attr_err": NaN
    }
  },
  "tp_errors": {
    "trans_err": 0.6531421731796461,
    "scale_err": 0.28730230845145194,
    "orient_err": 0.4448337777136435,
    "vel_err": 0.5779827290358678,
    "attr_err": 0.3217822270096885
  },
  "tp_scores": {
    "trans_err": 0.34685782682035393,
    "scale_err": 0.7126976915485481,
    "orient_err": 0.5551662222863565,
    "vel_err": 0.4220172709641322,
    "attr_err": 0.6782177729903115
  },
  "nd_score": 0.4221660540543196,
  "eval_time": 6.858549356460571,
  "cfg": {
    "class_range": {
      "car": 50,
      "truck": 50,
      "bus": 50,
      "trailer": 50,
      "construction_vehicle": 50,
      "pedestrian": 40,
      "motorcycle": 40,
      "bicycle": 40,
      "traffic_cone": 30,
      "barrier": 30
    },
    "dist_fcn": "center_distance",
    "dist_ths": [
      0.5,
      1.0,
      2.0,
      4.0
    ],
    "dist_th_tp": 2.0,
    "min_recall": 0.1,
    "min_precision": 0.1,
    "max_boxes_per_sample": 500,
    "mean_ap_weight": 5
  },
  "meta": {
    "use_lidar": false,
    "use_camera": true,
    "use_radar": true,
    "use_map": false,
    "use_external": false
  }
}