{
  "label_aps": {
    "car": {
      "0.5": 0.12064261027154903,
      "1.0": 0.26759685698452895,
      "2.0": 0.3901944637432403,
      "4.0": 0.425383400668557
    },
    "truck": {
      "0.5": 0.12416010271177481,
      "1.0": 0.2357990332355754,
      "2.0": 0.49897579443008316,
      "4.0": 0.7466458403090139
    },
    "bus": {
      "0.5": 0.019030166939825947,
      "1.0": 0.14904951350084059,
      "2.0": 0.2623497905943121,
      "4.0": 0.3836140266728083
    },
    "trailer": {
      "0.5": 0.0,
      "1.0": 0.0,
      "2.0": 0.6586923576624272,
      "4.0": 0.6586923576624272
    },
    "construction_vehicle": {
      "0.5": 0.16807610609033177,
      "1.0": 0.5754068218043703,
      "2.0": 0.6091926805156556,
      "4.0": 0.6432797461857465
    },
    "pedestrian": {
      "0.5": 0.034182154072597906,
      "1.0": 0.07640321499136862,
      "2.0": 0.12052846450488972,
      "4.0": 0.16697515737089627
    },
    "motorcycle": {
      "0.5": 0.07936593725284216,
      "1.0": 0.15001014285090714,
      "2.0": 0.20197394579652042,
      "4.0": 0.21232997629494704
    },
    "bicycle": {
      "0.5": 0.07887716013456772,
      "1.0": 0.21469692047497604,
      "2.0": 0.28681069355499933,
      "4.0": 0.2969168275203931
    },
    "traffic_cone": {
      "0.5": 0.6674019518591694,
      "1.0": 0.7449292678663402,
      "2.0": 0.7775855755796643,
      "4.0": 0.800390555526199
    },
    "barrier": {
      "0.5": 0.4581763928140528,
      "1.0": 0.7391999239388597,
      "2.0": 0.7928591336309156,
      "4.0": 0.8147791396193369
    }
  },
  "mean_dist_aps": {
    "car": 0.3009543329169688,
    "truck": 0.40139519267161183,
    "bus": 0.20351087442694674,
    "trailer": 0.3293461788312136,
    "construction_vehicle": 0.49898883864902605,
    "pedestrian": 0.09952224773493812,
    "motorcycle": 0.16092000054880418,
    "bicycle": 0.21932540042123405,
    "traffic_cone": 0.7475768377078432,
    "barrier": 0.7012536475007913
  },
  "mean_ap": 0.36627935514093773,
  "label_tp_errors": {
    "car": {
      "trans_err": 0.47063986895053506,
      "scale_err": 0.14886073549805204,
      "orient_err": 0.1724356978295173,
      "vel_err": 0.739251139631102,
      "attr_err": 0.15159526018676106
    },
    "truck": {
      "trans_err": 0.5199643161025138,
      "scale_err": 0.21207180490971111,
      "orient_err": 0.11306426697553888,
      "vel_err": 0.34799612764059884,
      "attr_err": 0.39432183574243534
    },
    "bus": {
      "trans_err": 0.6366709446653328,
      "scale_err": 0.20086716638383015,
      "orient_err": 0.14551056601983578,
      "vel_err": 1.2685663088417016,
      "attr_err": 0.4099046742956652
    },
    "trailer": {
      "trans_err": 1.0264153130699905,
      "scale_err": 0.34971711908108066,
      "orient_err": 0.21677455831499748,
      "vel_err": 0.1802382100182878,
      "attr_err": 0.7927164954118783
    },
    "construction_vehicle": {
      "trans_err": 0.4612450269846334,
      "scale_err": 0.24103738268706462,
      "orient_err": 1.6961254289045231,
      "vel_err": 0.03141547352839283,
      "attr_err": 0.2439218080221633
    },
    "pedestrian": {
      "trans_err": 0.814150721348852,
      "scale_err": 0.2916421098988527,
      "orient_err": 0.6949437253191889,
      "vel_err": 0.5636077781182808,
      "attr_err": 0.19034097457342303
    },
    "motorcycle": {
      "trans_err": 0.4062110917519143,
      "scale_err": 0.22393417909858102,
      "orient_err": 0.36942958215378524,
      "vel_err": 0.20200232705937055,
      "attr_err": 0.3268868124389468
    },
    "bicycle": {
      "trans_err": 0.5577600298514969,
      "scale_err": 0.30465512844577275,
      "orient_err": 0.37322207516525824,
      "vel_err": 0.7987951564142015,
      "attr_err": 0.15067941520905745
    },
    "traffic_cone": {
      "trans_err": 0.27114338542149463,
      "scale_err": 0.3367632940177813,
      "orient_err": NaN,
      "vel_err": NaN,
      "attr_err": NaN
    },
    "barrier": {
      "trans_err": 0.3398223161132926,
      "scale_err": 0.30677329764339467,
      "orient_err": 0.09919572179206887,
      "vel_err": NaN,
      "attr_err": NaN
    }
  },
  "tp_errors": {
    "trans_err": 0.5504023014260055,
    "scale_err": 0.2616322217664121,
    "orient_err": 0.4311890691638571,
    "vel_err": 0.5164840651564919,
    "attr_err": 0.3325459094850413
  },
  "tp_scores": {
    "trans_err": 0.44959769857399445,
    "scale_err": 0.7383677782335879,
    "orient_err": 0.5688109308361429,
    "vel_err": 0.4835159348435081,
    "attr_err": 0.6674540905149586
  },
  "nd_score": 0.4739143208706881,
  "eval_time": 6.247484445571899,
  "cfg": {
    "class_range": {
      "car": 50,
      "truck": 50,
      "bus": 50,
      "trailer": 50,
      "construction_vehicle": 50,
      "pedestrian": 40,
      "motorcycle": 40,
      "bicycle": 40,
      "traffic_cone": 30,
      "barrier": 30
    },
    "dist_fcn": "center_distance",
    "dist_ths": [
      0.5,
      1.0,
      2.0,
      4.0
    ],
    "dist_th_tp": 2.0,
    "min_recall": 0.1,
    "min_precision": 0.1,
    "max_boxes_per_sample": 500,
    "mean_ap_weight": 5
  },
  "meta": {
    "use_lidar": false,
    "use_camera": true,
    "use_radar": true,
    "use_map": false,
    "use_external": false
  }
}