{
  "label_aps": {
    "car": {
      "0.5": 0.17696447338609367,
      "1.0": 0.3411821065517109,
      "2.0": 0.45701019247105146,
      "4.0": 0.4905126819082905
    },
    "truck": {
      "0.5": 0.1718688113631509,
      "1.0": 0.31691762185846595,
      "2.0": 0.5793709743098556,
      "4.0": 0.824005126647566
    },
    "bus": {
      "0.5": 0.046082605280068314,
      "1.0": 0.22022700286154692,
      "2.0": 0.393650628192893,
      "4.0": 0.4436173035467738
    },
    "trailer": {
      "0.5": 0.0,
      "1.0": 0.00013289760348583876,
      "2.0": 0.9523303816387962,
      "4.0": 0.9649778350790346
    },
    "construction_vehicle": {
      "0.5": 0.36815601164365025,
      "1.0": 0.6148057098876858,
      "2.0": 0.6894171512882946,
      "4.0": 0.7014024479204308
    },
    "pedestrian": {
      "0.5": 0.04336662861561607,
      "1.0": 0.09724323975506453,
      "2.0": 0.1481015173622049,
      "4.0": 0.19414253668579268
    },
    "motorcycle": {
      "0.5": 0.09586649820443259,
      "1.0": 0.1727198203357205,
      "2.0": 0.2118283114729147,
      "4.0": 0.21417031529521305
    },
    "bicycle": {
      "0.5": 0.06630891612981349,
      "1.0": 0.23345063788986944,
      "2.0": 0.3023592144687523,
      "4.0": 0.31447762221063785
    },
    "traffic_cone": {
      "0.5": 0.6546424008152605,
      "1.0": 0.7488726616988355,
      "2.0": 0.7842731234654169,
      "4.0": 0.80764061775947
    },
    "barrier": {
      "0.5": 0.4689028691903696,
      "1.0": 0.7506949350409923,
      "2.0": 0.8004599592881092,
      "4.0": 0.8235661373877625
    }
  },
  "mean_dist_aps": {
    "car": 0.3664173635792866,
    "truck": 0.47304063354475956,
    "bus": 0.27589438497032054,
    "trailer": 0.47936027858032915,
    "construction_vehicle": 0.5934453301850153,
    "pedestrian": 0.12071348060466953,
    "motorcycle": 0.1736462363270702,
    "bicycle": 0.22914909767476827,
    "traffic_cone": 0.7488572009347457,
    "barrier": 0.7109059752268084
  },
  "mean_ap": 0.41714299816277733,
  "label_tp_errors": {
    "car": {
      "trans_err": 0.41127084569584327,
      "scale_err": 0.1466012847979906,
      "orient_err": 0.1556649541082688,
      "vel_err": 0.5478918660155053,
      "attr_err": 0.11873881319721372
    },
    "truck": {
      "trans_err": 0.4738434775731631,
      "scale_err": 0.20181193005554673,
      "orient_err": 0.10112057473783662,
      "vel_err": 0.3001153317652125,
      "attr_err": 0.3634622766357796
    },
    "bus": {
      "trans_err": 0.6082640922888104,
      "scale_err": 0.1876527721158917,
      "orient_err": 0.10952566311292634,
      "vel_err": 0.6982848516160242,
      "attr_err": 0.02034332973309208
    },
    "trailer": {
      "trans_err": 1.0967713721278043,
      "scale_err": 0.33177953546915573,
      "orient_err": 0.136958010984479,
      "vel_err": 0.013385838600044529,
      "attr_err": 0.7166612309945666
    },
    "construction_vehicle": {
      "trans_err": 0.33562402504861655,
      "scale_err": 0.26788253009122986,
      "orient_err": 1.6175425293532246,
      "vel_err": 0.03270328087389495,
      "attr_err": 0.21853517954532495
    },
    "pedestrian": {
      "trans_err": 0.7839682399502595,
      "scale_err": 0.29188786520277266,
      "orient_err": 0.6869395920384367,
      "vel_err": 0.5180143859644422,
      "attr_err": 0.1702539142769495
    },
    "motorcycle": {
      "trans_err": 0.35599910998206213,
      "scale_err": 0.21364362473662696,
      "orient_err": 0.4378050169168079,
      "vel_err": 0.16797252992744138,
      "attr_err": 0.2862211217599431
    },
    "bicycle": {
      "trans_err": 0.5882660668747477,
      "scale_err": 0.28364474769261555,
      "orient_err": 0.36703679405334977,
      "vel_err": 0.7010949621548371,
      "attr_err": 0.15341430653741445
    },
    "traffic_cone": {
      "trans_err": 0.2826407110469559,
      "scale_err": 0.3394782265131444,
      "orient_err": NaN,
      "vel_err": NaN,
      "attr_err": NaN
    },
    "barrier": {
      "trans_err": 0.33880778197302674,
      "scale_err": 0.3091837072256042,
      "orient_err": 0.10258931599320202,
      "vel_err": NaN,
      "attr_err": NaN
    }
  },
  "tp_errors": {
    "trans_err": 0.527545572256129,
    "scale_err": 0.25735662239005785,
    "orient_err": 0.4127980501442813,
    "vel_err": 0.3724328808646753,
    "attr_err": 0.2559537715850355
  },
  "tp_scores": {
    "trans_err": 0.47245442774387103,
    "scale_err": 0.7426433776099421,
    "orient_err": 0.5872019498557187,
    "vel_err": 0.6275671191353247,
    "attr_err": 0.7440462284149645
  },
  "nd_score": 0.5259628093573708,
  "eval_time": 6.297906875610352,
  "cfg": {
    "class_range": {
      "car": 50,
      "truck": 50,
      "bus": 50,
      "trailer": 50,
      "construction_vehicle": 50,
      "pedestrian": 40,
      "motorcycle": 40,
      "bicycle": 40,
      "traffic_cone": 30,
      "barrier": 30
    },
    "dist_fcn": "center_distance",
    "dist_ths": [
      0.5,
      1.0,
      2.0,
      4.0
    ],
    "dist_th_tp": 2.0,
    "min_recall": 0.1,
    "min_precision": 0.1,
    "max_boxes_per_sample": 500,
    "mean_ap_weight": 5
  },
  "meta": {
    "use_lidar": false,
    "use_camera": true,
    "use_radar": true,
    "use_map": false,
    "use_external": false
  }
}