{
  "label_aps": {
    "car": {
      "0.5": 0.022972245802101932,
      "1.0": 0.14969251603528164,
      "2.0": 0.2826847579857369,
      "4.0": 0.35859771190143414
    },
    "truck": {
      "0.5": 0.0018157465641742373,
      "1.0": 0.09967212768796344,
      "2.0": 0.22280920089635317,
      "4.0": 0.5430141542139321
    },
    "bus": {
      "0.5": 0.0,
      "1.0": 0.037964533364732926,
      "2.0": 0.11906781163167196,
      "4.0": 0.19711239165490343
    },
    "trailer": {
      "0.5": 0.0,
      "1.0": 0.0,
      "2.0": 0.2022044094184295,
      "4.0": 0.21073539544831904
    },
    "construction_vehicle": {
      "0.5": 0.003412090575627351,
      "1.0": 0.2761319768558225,
      "2.0": 0.4447764814018532,
      "4.0": 0.4684413854212038
    },
    "pedestrian": {
      "0.5": 0.009600565716956727,
      "1.0": 0.033132574691707314,
      "2.0": 0.06743024437525165,
      "4.0": 0.10547237387150468
    },
    "motorcycle": {
      "0.5": 0.0,
      "1.0": 0.0,
      "2.0": 0.01520508745288113,
      "4.0": 0.06996829858124642
    },
    "bicycle": {
      "0.5": 0.0,
      "1.0": 0.0,
      "2.0": 0.003192647477712638,
      "4.0": 0.02645526032446438
    },
    "traffic_cone": {
      "0.5": 0.28378288727760487,
      "1.0": 0.5199161599940586,
      "2.0": 0.6310921507038866,
      "4.0": 0.6757277200935408
    },
    "barrier": {
      "0.5": 0.24940811073609542,
      "1.0": 0.4910227425084147,
      "2.0": 0.5663605359113337,
      "4.0": 0.6082875917947309
    }
  },
  "mean_dist_aps": {
    "car": 0.20348680793113866,
    "truck": 0.21682780734060572,
    "bus": 0.08853618416282708,
    "trailer": 0.10323495121668713,
    "construction_vehicle": 0.2981904835636267,
    "pedestrian": 0.05390893966385509,
    "motorcycle": 0.021293346508531888,
    "bicycle": 0.007411976950544254,
    "traffic_cone": 0.5276297295172727,
    "barrier": 0.4787697452376437
  },
  "mean_ap": 0.19992899720927332,
  "label_tp_errors": {
    "car": {
      "trans_err": 0.6570034960944499,
      "scale_err": 0.15928450110497072,
      "orient_err": 0.31770600820170386,
      "vel_err": 0.9362656909176276,
      "attr_err": 0.1926591617389482
    },
    "truck": {
      "trans_err": 0.7578526429053575,
      "scale_err": 0.21338596159946,
      "orient_err": 0.24576630549733672,
      "vel_err": 0.45386526805012095,
      "attr_err": 0.37539342791352603
    },
    "bus": {
      "trans_err": 0.8453926969913853,
      "scale_err": 0.25031931691841,
      "orient_err": 0.3215635555047189,
      "vel_err": 1.6589831618359208,
      "attr_err": 0.5253641774796723
    },
    "trailer": {
      "trans_err": 1.2821291625637936,
      "scale_err": 0.40423137933406916,
      "orient_err": 0.15557398361805172,
      "vel_err": 0.8071140470943257,
      "attr_err": 0.9443656141082291
    },
    "construction_vehicle": {
      "trans_err": 0.6997447614954102,
      "scale_err": 0.39614323571400095,
      "orient_err": 1.799599735058407,
      "vel_err": 0.033101584855974295,
      "attr_err": 0.3704834741099482
    },
    "pedestrian": {
      "trans_err": 0.9368937630153132,
      "scale_err": 0.28819730785273756,
      "orient_err": 0.7283740890482642,
      "vel_err": 0.6783642792134132,
      "attr_err": 0.2546499371239976
    },
    "motorcycle": {
      "trans_err": 1.057654167807992,
      "scale_err": 0.25761647433331425,
      "orient_err": 0.5757732392100204,
      "vel_err": 0.2859150788365986,
      "attr_err": 0.5200636346038965
    },
    "bicycle": {
      "trans_err": 0.9742881898812035,
      "scale_err": 0.31342128114955015,
      "orient_err": 0.6694785830029202,
      "vel_err": 1.2695857525187308,
      "attr_err": 0.2650953918584263
    },
    "traffic_cone": {
      "trans_err": 0.477307485877107,
      "scale_err": 0.3562873790889422,
      "orient_err": NaN,
      "vel_err": NaN,
      "attr_err": NaN
    },
    "barrier": {
      "trans_err": 0.4509440551465028,
      "scale_err": 0.34463545285317854,
      "orient_err": 0.16419376576625358,
      "vel_err": NaN,
      "attr_err": NaN
    }
  },
  "tp_errors": {
    "trans_err": 0.8139210421778514,
    "scale_err": 0.2983522289948633,
    "orient_err": 0.5531143627675196,
    "vel_err": 0.765399357915339,
    "attr_err": 0.4310093523670805
  },
  "tp_scores": {
    "trans_err": 0.18607895782214856,
    "scale_err": 0.7016477710051368,
    "orient_err": 0.4468856372324804,
    "vel_err": 0.23460064208466103,
    "attr_err": 0.5689906476329195
  },
  "nd_score": 0.31378486418237134,
  "eval_time": 7.206734895706177,
  "cfg": {
    "class_range": {
      "car": 50,
      "truck": 50,
      "bus": 50,
      "trailer": 50,
      "construction_vehicle": 50,
      "pedestrian": 40,
      "motorcycle": 40,
      "bicycle": 40,
      "traffic_cone": 30,
      "barrier": 30
    },
    "dist_fcn": "center_distance",
    "dist_ths": [
      0.5,
      1.0,
      2.0,
      4.0
    ],
    "dist_th_tp": 2.0,
    "min_recall": 0.1,
    "min_precision": 0.1,
    "max_boxes_per_sample": 500,
    "mean_ap_weight": 5
  },
  "meta": {
    "use_lidar": false,
    "use_camera": true,
    "use_radar": true,
    "use_map": false,
    "use_external": false
  }
}