{
  "label_aps": {
    "car": {
      "0.5": 0.0014125762232880638,
      "1.0": 0.06843658704285438,
      "2.0": 0.16561023964149127,
      "4.0": 0.26047835302968
    },
    "truck": {
      "0.5": 0.0,
      "1.0": 0.0042440582753635655,
      "2.0": 0.03591553916244924,
      "4.0": 0.12410158196829287
    },
    "bus": {
      "0.5": 0.0,
      "1.0": 0.0,
      "2.0": 0.006117918848709989,
      "4.0": 0.04699869012288957
    },
    "trailer": {
      "0.5": 0.0,
      "1.0": 0.0,
      "2.0": 0.0,
      "4.0": 0.3064073980150944
    },
    "construction_vehicle": {
      "0.5": 0.0,
      "1.0": 0.0,
      "2.0": 0.04391304814513245,
      "4.0": 0.22444448858682217
    },
    "pedestrian": {
      "0.5": 0.0024906210012517046,
      "1.0": 0.013037231019086784,
      "2.0": 0.031343595585990175,
      "4.0": 0.07468524684118716
    },
    "motorcycle": {
      "0.5": 0.0,
      "1.0": 0.0,
      "2.0": 0.007564171038452378,
      "4.0": 0.03373488411627675
    },
    "bicycle": {
      "0.5": 0.0,
      "1.0": 0.0,
      "2.0": 0.0,
      "4.0": 0.0
    },
    "traffic_cone": {
      "0.5": 0.09857078064373852,
      "1.0": 0.20746304959303877,
      "2.0": 0.30639924513757305,
      "4.0": 0.4047200675177573
    },
    "barrier": {
      "0.5": 0.07562291009853762,
      "1.0": 0.23247421569149124,
      "2.0": 0.3005644002796827,
      "4.0": 0.35034550535295056
    }
  },
  "mean_dist_aps": {
    "car": 0.12398443898432843,
    "truck": 0.04106529485152642,
    "bus": 0.01327915224289989,
    "trailer": 0.0766018495037736,
    "construction_vehicle": 0.06708938418298865,
    "pedestrian": 0.030389173611878956,
    "motorcycle": 0.010324763788682283,
    "bicycle": 0.0,
    "traffic_cone": 0.2542882857230269,
    "barrier": 0.2397517578556655
  },
  "mean_ap": 0.08567741007447706,
  "label_tp_errors": {
    "car": {
      "trans_err": 0.7063090699430858,
      "scale_err": 0.17233119115308074,
      "orient_err": 0.3369171172576913,
      "vel_err": 0.8802764129358416,
      "attr_err": 0.2226680426809878
    },
    "truck": {
      "trans_err": 0.9006901761891966,
      "scale_err": 0.26964454084972966,
      "orient_err": 0.25148376227880553,
      "vel_err": 0.7736480897594997,
      "attr_err": 0.48305296026129835
    },
    "bus": {
      "trans_err": 0.9588286808489085,
      "scale_err": 0.2540200570400363,
      "orient_err": 0.5671023284624361,
      "vel_err": 2.154229672406754,
      "attr_err": 0.5782559897156603
    },
    "trailer": {
      "trans_err": 0.9653618572110826,
      "scale_err": 0.4457669888241633,
      "orient_err": 0.1492667529748937,
      "vel_err": 0.012604120149534326,
      "attr_err": 1.0
    },
    "construction_vehicle": {
      "trans_err": 1.1731406139906224,
      "scale_err": 0.3863386758331218,
      "orient_err": 1.143975754450937,
      "vel_err": 0.07835790643506509,
      "attr_err": 0.6857800179538166
    },
    "pedestrian": {
      "trans_err": 0.9853047263071991,
      "scale_err": 0.2722038810164469,
      "orient_err": 0.9716751611101011,
      "vel_err": 0.7862908636147723,
      "attr_err": 0.26518102182404335
    },
    "motorcycle": {
      "trans_err": 0.9927101437443188,
      "scale_err": 0.2253660853760844,
      "orient_err": 1.237537410396974,
      "vel_err": 0.46159422121597193,
      "attr_err": 0.5513450249611285
    },
    "bicycle": {
      "trans_err": 1.1686962321756835,
      "scale_err": 0.3860633345683681,
      "orient_err": 0.3956336048648631,
      "vel_err": 1.887638926617619,
      "attr_err": 0.0
    },
    "traffic_cone": {
      "trans_err": 0.6819013185776841,
      "scale_err": 0.39343934150765575,
      "orient_err": NaN,
      "vel_err": NaN,
      "attr_err": NaN
    },
    "barrier": {
      "trans_err": 0.5021227537585224,
      "scale_err": 0.37748920819149884,
      "orient_err": 0.18874475417638226,
      "vel_err": NaN,
      "attr_err": NaN
    }
  },
  "tp_errors": {
    "trans_err": 0.9035065572746304,
    "scale_err": 0.3182663304360186,
    "orient_err": 0.5824818495525649,
    "vel_err": 0.8793300266418822,
    "attr_err": 0.47328538217461685
  },
  "tp_scores": {
    "trans_err": 0.09649344272536964,
    "scale_err": 0.6817336695639814,
    "orient_err": 0.4175181504474351,
    "vel_err": 0.1206699733581178,
    "attr_err": 0.5267146178253832
  },
  "nd_score": 0.22715169042926725,
  "eval_time": 7.2904372215271,
  "cfg": {
    "class_range": {
      "car": 50,
      "truck": 50,
      "bus": 50,
      "trailer": 50,
      "construction_vehicle": 50,
      "pedestrian": 40,
      "motorcycle": 40,
      "bicycle": 40,
      "traffic_cone": 30,
      "barrier": 30
    },
    "dist_fcn": "center_distance",
    "dist_ths": [
      0.5,
      1.0,
      2.0,
      4.0
    ],
    "dist_th_tp": 2.0,
    "min_recall": 0.1,
    "min_precision": 0.1,
    "max_boxes_per_sample": 500,
    "mean_ap_weight": 5
  },
  "meta": {
    "use_lidar": false,
    "use_camera": true,
    "use_radar": true,
    "use_map": false,
    "use_external": false
  }
}