{
  "label_aps": {
    "car": {
      "0.5": 0.06343576218440329,
      "1.0": 0.20784344440304575,
      "2.0": 0.3489949324303218,
      "4.0": 0.4090957741615363
    },
    "truck": {
      "0.5": 0.07652567609700092,
      "1.0": 0.19518371180647545,
      "2.0": 0.46397318953450556,
      "4.0": 0.7039975015133013
    },
    "bus": {
      "0.5": 0.0,
      "1.0": 0.0845690299153215,
      "2.0": 0.20901178298979967,
      "4.0": 0.35738778424664774
    },
    "trailer": {
      "0.5": 0.0,
      "1.0": 0.0,
      "2.0": 0.5644956774280864,
      "4.0": 0.5652766684290144
    },
    "construction_vehicle": {
      "0.5": 0.10490655348836463,
      "1.0": 0.474619961821476,
      "2.0": 0.5843418189766056,
      "4.0": 0.6190255077466903
    },
    "pedestrian": {
      "0.5": 0.027020896495969966,
      "1.0": 0.07166332954036084,
      "2.0": 0.1137792143396682,
      "4.0": 0.15508063868946295
    },
    "motorcycle": {
      "0.5": 0.0016118500879076108,
      "1.0": 0.06491705616317088,
      "2.0": 0.15863892413012814,
      "4.0": 0.18280279318911655
    },
    "bicycle": {
      "0.5": 0.012034387195844654,
      "1.0": 0.06557603962622834,
      "2.0": 0.1460282157429083,
      "4.0": 0.19267014206780508
    },
    "traffic_cone": {
      "0.5": 0.5403615911381806,
      "1.0": 0.6968292979949307,
      "2.0": 0.7601378155765837,
      "4.0": 0.7913421311237526
    },
    "barrier": {
      "0.5": 0.3894731366243094,
      "1.0": 0.701668032701807,
      "2.0": 0.7756869789521843,
      "4.0": 0.8045657307336007
    }
  },
  "mean_dist_aps": {
    "car": 0.2573424782948268,
    "truck": 0.35992001973782084,
    "bus": 0.16274214928794223,
    "trailer": 0.2824430864642752,
    "construction_vehicle": 0.44572346050828415,
    "pedestrian": 0.09188601976636548,
    "motorcycle": 0.1019926558925808,
    "bicycle": 0.10407719615819659,
    "traffic_cone": 0.6971677089583619,
    "barrier": 0.6678484697529754
  },
  "mean_ap": 0.3171143244821629,
  "label_tp_errors": {
    "car": {
      "trans_err": 0.5805643252513165,
      "scale_err": 0.14856378209329676,
      "orient_err": 0.19284420877808364,
      "vel_err": 0.7745127349847034,
      "attr_err": 0.1749876308019529
    },
    "truck": {
      "trans_err": 0.6307160956155441,
      "scale_err": 0.2116971441289872,
      "orient_err": 0.1155461030647382,
      "vel_err": 0.3311850932947395,
      "attr_err": 0.4168793463283399
    },
    "bus": {
      "trans_err": 0.7527113916408438,
      "scale_err": 0.20583694264151878,
      "orient_err": 0.09888050892550886,
      "vel_err": 1.2069166939861933,
      "attr_err": 0.45685043057217506
    },
    "trailer": {
      "trans_err": 1.0542842657871836,
      "scale_err": 0.36324787624322685,
      "orient_err": 0.20720051932599398,
      "vel_err": 0.17961631770606015,
      "attr_err": 0.7936303720477789
    },
    "construction_vehicle": {
      "trans_err": 0.5082731790224783,
      "scale_err": 0.22877263119744717,
      "orient_err": 1.8054102169991828,
      "vel_err": 0.030870404745536838,
      "attr_err": 0.23689619371263892
    },
    "pedestrian": {
      "trans_err": 0.8273860848874229,
      "scale_err": 0.28578264473628295,
      "orient_err": 0.6939570790802051,
      "vel_err": 0.6128481007454681,
      "attr_err": 0.19258549722545434
    },
    "motorcycle": {
      "trans_err": 0.7106959632412136,
      "scale_err": 0.20591665799997974,
      "orient_err": 0.23438702986415758,
      "vel_err": 0.2000574364241992,
      "attr_err": 0.38581280428997466
    },
    "bicycle": {
      "trans_err": 0.810301854330239,
      "scale_err": 0.3157834417617729,
      "orient_err": 0.49229862366363175,
      "vel_err": 0.7920252325135421,
      "attr_err": 0.1309232357889532
    },
    "traffic_cone": {
      "trans_err": 0.33876253983455246,
      "scale_err": 0.33832108493842933,
      "orient_err": NaN,
      "vel_err": NaN,
      "attr_err": NaN
    },
    "barrier": {
      "trans_err": 0.3831014397981321,
      "scale_err": 0.3048907071315077,
      "orient_err": 0.09847291170705237,
      "vel_err": NaN,
      "attr_err": NaN
    }
  },
  "tp_errors": {
    "trans_err": 0.6596797139408926,
    "scale_err": 0.2608812912872449,
    "orient_err": 0.4376663557120616,
    "vel_err": 0.5160040018000553,
    "attr_err": 0.34857068884590847
  },
  "tp_scores": {
    "trans_err": 0.34032028605910736,
    "scale_err": 0.7391187087127551,
    "orient_err": 0.5623336442879384,
    "vel_err": 0.48399599819994465,
    "attr_err": 0.6514293111540915
  },
  "nd_score": 0.43627695708246517,
  "eval_time": 6.4378156661987305,
  "cfg": {
    "class_range": {
      "car": 50,
      "truck": 50,
      "bus": 50,
      "trailer": 50,
      "construction_vehicle": 50,
      "pedestrian": 40,
      "motorcycle": 40,
      "bicycle": 40,
      "traffic_cone": 30,
      "barrier": 30
    },
    "dist_fcn": "center_distance",
    "dist_ths": [
      0.5,
      1.0,
      2.0,
      4.0
    ],
    "dist_th_tp": 2.0,
    "min_recall": 0.1,
    "min_precision": 0.1,
    "max_boxes_per_sample": 500,
    "mean_ap_weight": 5
  },
  "meta": {
    "use_lidar": false,
    "use_camera": true,
    "use_radar": true,
    "use_map": false,
    "use_external": false
  }
}