{
  "label_aps": {
    "car": {
      "0.5": 0.1955331438012857,
      "1.0": 0.3626566064130694,
      "2.0": 0.46618256589961904,
      "4.0": 0.4993884259939592
    },
    "truck": {
      "0.5": 0.1978637008996123,
      "1.0": 0.3514373377770644,
      "2.0": 0.5543057194942224,
      "4.0": 0.8257767214145882
    },
    "bus": {
      "0.5": 0.04257095169510098,
      "1.0": 0.2514067961361436,
      "2.0": 0.4141731022762961,
      "4.0": 0.44423031435512433
    },
    "trailer": {
      "0.5": 0.00042782400109541476,
      "1.0": 0.049636400461407014,
      "2.0": 0.9792870239297304,
      "4.0": 0.9792870239297304
    },
    "construction_vehicle": {
      "0.5": 0.4832203614241538,
      "1.0": 0.6327316571079402,
      "2.0": 0.7136025591311776,
      "4.0": 0.7270437179005388
    },
    "pedestrian": {
      "0.5": 0.04652260903018178,
      "1.0": 0.10037090951914285,
      "2.0": 0.15555659040521555,
      "4.0": 0.20263244723057225
    },
    "motorcycle": {
      "0.5": 0.10845688894427606,
      "1.0": 0.19511904248466727,
      "2.0": 0.21878607043792286,
      "4.0": 0.2205984828259711
    },
    "bicycle": {
      "0.5": 0.06705898856119923,
      "1.0": 0.2643017766366191,
      "2.0": 0.3113292485299551,
      "4.0": 0.3225049739248866
    },
    "traffic_cone": {
      "0.5": 0.6629284450965639,
      "1.0": 0.7459393741181545,
      "2.0": 0.7834933339990594,
      "4.0": 0.8088385935638899
    },
    "barrier": {
      "0.5": 0.4716834896453229,
      "1.0": 0.7583004741885986,
      "2.0": 0.8019916582802681,
      "4.0": 0.8217879025509243
    }
  },
  "mean_dist_aps": {
    "car": 0.38094018552698333,
    "truck": 0.48234586989637185,
    "bus": 0.28809529111566623,
    "trailer": 0.5021595680804909,
    "construction_vehicle": 0.6391495738909526,
    "pedestrian": 0.1262706390462781,
    "motorcycle": 0.18574012117320932,
    "bicycle": 0.241298746913165,
    "traffic_cone": 0.7502999366944169,
    "barrier": 0.7134408811662785
  },
  "mean_ap": 0.43097408135038123,
  "label_tp_errors": {
    "car": {
      "trans_err": 0.39105633836192427,
      "scale_err": 0.14771340464819832,
      "orient_err": 0.15392236104936746,
      "vel_err": 0.5324164867389322,
      "attr_err": 0.11782877853023338
    },
    "truck": {
      "trans_err": 0.43667547896519643,
      "scale_err": 0.18918283655961482,
      "orient_err": 0.09566311478126333,
      "vel_err": 0.30344167255723997,
      "attr_err": 0.3583392776962529
    },
    "bus": {
      "trans_err": 0.5812668984354342,
      "scale_err": 0.18623528707935347,
      "orient_err": 0.09893279884319574,
      "vel_err": 0.600560901340457,
      "attr_err": 0.015244395159100477
    },
    "trailer": {
      "trans_err": 0.9525342273405073,
      "scale_err": 0.3133068226970471,
      "orient_err": 0.1442728548205567,
      "vel_err": 0.011884581658544866,
      "attr_err": 0.6173094803148417
    },
    "construction_vehicle": {
      "trans_err": 0.29645731453248025,
      "scale_err": 0.2828274085968795,
      "orient_err": 1.7082928261372063,
      "vel_err": 0.03362989983610967,
      "attr_err": 0.1870385837233711
    },
    "pedestrian": {
      "trans_err": 0.7661459913329689,
      "scale_err": 0.2898412339444307,
      "orient_err": 0.6567025984626825,
      "vel_err": 0.4986855778894652,
      "attr_err": 0.1526203447189486
    },
    "motorcycle": {
      "trans_err": 0.3716458378726736,
      "scale_err": 0.22107870592815673,
      "orient_err": 0.4427279261713388,
      "vel_err": 0.20224580608859827,
      "attr_err": 0.32209346406295447
    },
    "bicycle": {
      "trans_err": 0.5268863281632399,
      "scale_err": 0.2830281315823407,
      "orient_err": 0.39838512461084125,
      "vel_err": 0.7124626021596807,
      "attr_err": 0.15196936677573733
    },
    "traffic_cone": {
      "trans_err": 0.28493724863761094,
      "scale_err": 0.33879520276792613,
      "orient_err": NaN,
      "vel_err": NaN,
      "attr_err": NaN
    },
    "barrier": {
      "trans_err": 0.33167394383011956,
      "scale_err": 0.3100464565618817,
      "orient_err": 0.09654976156757385,
      "vel_err": NaN,
      "attr_err": NaN
    }
  },
  "tp_errors": {
    "trans_err": 0.4939279607472155,
    "scale_err": 0.2562055490365829,
    "orient_err": 0.4217165962715585,
    "vel_err": 0.3619159410336285,
    "attr_err": 0.24030546137268
  },
  "tp_scores": {
    "trans_err": 0.5060720392527844,
    "scale_err": 0.7437944509634171,
    "orient_err": 0.5782834037284414,
    "vel_err": 0.6380840589663714,
    "attr_err": 0.75969453862732
  },
  "nd_score": 0.5380798898290241,
  "eval_time": 5.945906162261963,
  "cfg": {
    "class_range": {
      "car": 50,
      "truck": 50,
      "bus": 50,
      "trailer": 50,
      "construction_vehicle": 50,
      "pedestrian": 40,
      "motorcycle": 40,
      "bicycle": 40,
      "traffic_cone": 30,
      "barrier": 30
    },
    "dist_fcn": "center_distance",
    "dist_ths": [
      0.5,
      1.0,
      2.0,
      4.0
    ],
    "dist_th_tp": 2.0,
    "min_recall": 0.1,
    "min_precision": 0.1,
    "max_boxes_per_sample": 500,
    "mean_ap_weight": 5
  },
  "meta": {
    "use_lidar": false,
    "use_camera": true,
    "use_radar": true,
    "use_map": false,
    "use_external": false
  }
}