{
  "label_aps": {
    "car": {
      "0.5": 0.12078055014855724,
      "1.0": 0.26778704287117217,
      "2.0": 0.3902725144931548,
      "4.0": 0.4254204746339226
    },
    "truck": {
      "0.5": 0.12419572114749475,
      "1.0": 0.23574432966403017,
      "2.0": 0.4989899194884208,
      "4.0": 0.7466636498597192
    },
    "bus": {
      "0.5": 0.019030166939825947,
      "1.0": 0.14904951350084059,
      "2.0": 0.2622997077524451,
      "4.0": 0.38356376061040937
    },
    "trailer": {
      "0.5": 0.0,
      "1.0": 0.0,
      "2.0": 0.6593510702347202,
      "4.0": 0.6593510702347202
    },
    "construction_vehicle": {
      "0.5": 0.16807610609033177,
      "1.0": 0.5754068218043703,
      "2.0": 0.6091926805156556,
      "4.0": 0.6432797461857465
    },
    "pedestrian": {
      "0.5": 0.0341742523629571,
      "1.0": 0.07639474181215722,
      "2.0": 0.1205099127896314,
      "4.0": 0.16704299265670106
    },
    "motorcycle": {
      "0.5": 0.07936593725284216,
      "1.0": 0.15001014285090714,
      "2.0": 0.20190994546196225,
      "4.0": 0.21233819216384273
    },
    "bicycle": {
      "0.5": 0.07887546332317111,
      "1.0": 0.21469062444312642,
      "2.0": 0.28682780282608716,
      "4.0": 0.2969348076895061
    },
    "traffic_cone": {
      "0.5": 0.6674314551041154,
      "1.0": 0.7449370338453118,
      "2.0": 0.7775404145686586,
      "4.0": 0.8004063610884272
    },
    "barrier": {
      "0.5": 0.4581868857705379,
      "1.0": 0.7398426451828978,
      "2.0": 0.7928262266867024,
      "4.0": 0.8147869658932382
    }
  },
  "mean_dist_aps": {
    "car": 0.3010651455367017,
    "truck": 0.40139840503991625,
    "bus": 0.20348578720088023,
    "trailer": 0.3296755351173601,
    "construction_vehicle": 0.49898883864902605,
    "pedestrian": 0.09953047490536168,
    "motorcycle": 0.16090605443238856,
    "bicycle": 0.2193321745704727,
    "traffic_cone": 0.7475788161516284,
    "barrier": 0.701410680883344
  },
  "mean_ap": 0.36633719124870795,
  "label_tp_errors": {
    "car": {
      "trans_err": 0.4704074895433652,
      "scale_err": 0.14887690664417813,
      "orient_err": 0.17243651740440596,
      "vel_err": 0.7391735682484915,
      "attr_err": 0.15158101136896568
    },
    "truck": {
      "trans_err": 0.5201722452515556,
      "scale_err": 0.21219110178619033,
      "orient_err": 0.11301987747144493,
      "vel_err": 0.3479577116756466,
      "attr_err": 0.3942125128240225
    },
    "bus": {
      "trans_err": 0.6367220274574814,
      "scale_err": 0.2008688184907866,
      "orient_err": 0.1455915438379729,
      "vel_err": 1.2685676095980016,
      "attr_err": 0.4099236241771964
    },
    "trailer": {
      "trans_err": 1.0263423540360546,
      "scale_err": 0.3497179298018577,
      "orient_err": 0.2167566522830298,
      "vel_err": 0.1801536688348599,
      "attr_err": 0.7926614755189727
    },
    "construction_vehicle": {
      "trans_err": 0.4613345800674584,
      "scale_err": 0.2411718321585616,
      "orient_err": 1.6948896634372677,
      "vel_err": 0.031401865557957355,
      "attr_err": 0.24436129365244025
    },
    "pedestrian": {
      "trans_err": 0.8136848005885275,
      "scale_err": 0.29160172008154006,
      "orient_err": 0.6948816610321116,
      "vel_err": 0.5636044416142609,
      "attr_err": 0.19041455468652135
    },
    "motorcycle": {
      "trans_err": 0.4062432505494294,
      "scale_err": 0.2239359355463269,
      "orient_err": 0.36943863700629703,
      "vel_err": 0.20199624591611937,
      "attr_err": 0.3268736174753814
    },
    "bicycle": {
      "trans_err": 0.55775900865979,
      "scale_err": 0.3045950372545291,
      "orient_err": 0.37346125115746753,
      "vel_err": 0.7989230208919778,
      "attr_err": 0.1506623303871833
    },
    "traffic_cone": {
      "trans_err": 0.271144234120792,
      "scale_err": 0.3367607727294696,
      "orient_err": NaN,
      "vel_err": NaN,
      "attr_err": NaN
    },
    "barrier": {
      "trans_err": 0.33979871825131774,
      "scale_err": 0.30676677677056996,
      "orient_err": 0.09919972616921537,
      "vel_err": NaN,
      "attr_err": NaN
    }
  },
  "tp_errors": {
    "trans_err": 0.5503608708525772,
    "scale_err": 0.261648683126401,
    "orient_err": 0.43107505886657915,
    "vel_err": 0.5164722665421644,
    "attr_err": 0.3325863025113355
  },
  "tp_scores": {
    "trans_err": 0.44963912914742277,
    "scale_err": 0.738351316873599,
    "orient_err": 0.5689249411334208,
    "vel_err": 0.4835277334578356,
    "attr_err": 0.6674136974886645
  },
  "nd_score": 0.4739542774344482,
  "eval_time": 6.258080959320068,
  "cfg": {
    "class_range": {
      "car": 50,
      "truck": 50,
      "bus": 50,
      "trailer": 50,
      "construction_vehicle": 50,
      "pedestrian": 40,
      "motorcycle": 40,
      "bicycle": 40,
      "traffic_cone": 30,
      "barrier": 30
    },
    "dist_fcn": "center_distance",
    "dist_ths": [
      0.5,
      1.0,
      2.0,
      4.0
    ],
    "dist_th_tp": 2.0,
    "min_recall": 0.1,
    "min_precision": 0.1,
    "max_boxes_per_sample": 500,
    "mean_ap_weight": 5
  },
  "meta": {
    "use_lidar": false,
    "use_camera": true,
    "use_radar": true,
    "use_map": false,
    "use_external": false
  }
}