{
  "label_aps": {
    "car": {
      "0.5": 0.011315410058110032,
      "1.0": 0.1137321638461184,
      "2.0": 0.24137242818701152,
      "4.0": 0.3242372227261944
    },
    "truck": {
      "0.5": 0.0,
      "1.0": 0.01411171130058957,
      "2.0": 0.08138290703153801,
      "4.0": 0.2957321362563367
    },
    "bus": {
      "0.5": 0.0,
      "1.0": 0.04903677517327388,
      "2.0": 0.13918438703300806,
      "4.0": 0.19033068378642048
    },
    "trailer": {
      "0.5": 0.0,
      "1.0": 0.15797570291979743,
      "2.0": 0.15797570291979743,
      "4.0": 0.15797570291979743
    },
    "construction_vehicle": {
      "0.5": 0.0,
      "1.0": 0.0,
      "2.0": 0.0062332334176756115,
      "4.0": 0.25198522752659264
    },
    "pedestrian": {
      "0.5": 0.0005012846168702444,
      "1.0": 0.005047763264454303,
      "2.0": 0.016031380960121154,
      "4.0": 0.04470591290875794
    },
    "motorcycle": {
      "0.5": 0.0,
      "1.0": 0.0,
      "2.0": 0.0028296961351948493,
      "4.0": 0.022814907941619163
    },
    "bicycle": {
      "0.5": 0.0,
      "1.0": 0.0,
      "2.0": 0.0,
      "4.0": 0.0030004554211697167
    },
    "traffic_cone": {
      "0.5": 0.037966165327984684,
      "1.0": 0.1217526818225923,
      "2.0": 0.25105089278802184,
      "4.0": 0.41313104237207576
    },
    "barrier": {
      "0.5": 0.05035781068872372,
      "1.0": 0.23839909618097885,
      "2.0": 0.32878652293539407,
      "4.0": 0.3940240854249313
    }
  },
  "mean_dist_aps": {
    "car": 0.17266430620435858,
    "truck": 0.09780668864711607,
    "bus": 0.0946379614981756,
    "trailer": 0.11848177718984806,
    "construction_vehicle": 0.06455461523606706,
    "pedestrian": 0.016571585437550912,
    "motorcycle": 0.006411151019203503,
    "bicycle": 0.0007501138552924292,
    "traffic_cone": 0.20597519557766863,
    "barrier": 0.25289187880750696
  },
  "mean_ap": 0.1030745273472788,
  "label_tp_errors": {
    "car": {
      "trans_err": 0.6951471585363717,
      "scale_err": 0.17113044224918525,
      "orient_err": 0.3975274059070227,
      "vel_err": 1.2119705400429488,
      "attr_err": 0.2278712869669623
    },
    "truck": {
      "trans_err": 1.0005017282604425,
      "scale_err": 0.23771197798683208,
      "orient_err": 0.4959652448314864,
      "vel_err": 0.6702972738885438,
      "attr_err": 0.3677085038910399
    },
    "bus": {
      "trans_err": 0.735120893924151,
      "scale_err": 0.21239734737580318,
      "orient_err": 0.33133904610039455,
      "vel_err": 1.2862167309275983,
      "attr_err": 0.6189565670646994
    },
    "trailer": {
      "trans_err": 0.6364182941135339,
      "scale_err": 0.33739731751459595,
      "orient_err": 0.0680012400846877,
      "vel_err": 0.5807005647270587,
      "attr_err": 1.0
    },
    "construction_vehicle": {
      "trans_err": 1.1813594423905291,
      "scale_err": 0.5090286424397523,
      "orient_err": 1.1200801259797477,
      "vel_err": 0.11229921968324612,
      "attr_err": 0.7212796270137367
    },
    "pedestrian": {
      "trans_err": 1.0048344206030644,
      "scale_err": 0.27013587351256324,
      "orient_err": 1.006743625343969,
      "vel_err": 0.886239532012564,
      "attr_err": 0.2512218496011398
    },
    "motorcycle": {
      "trans_err": 1.354434843093675,
      "scale_err": 0.23350436743667102,
      "orient_err": 1.4026960268941853,
      "vel_err": 0.37473539580386844,
      "attr_err": 0.4981647470432596
    },
    "bicycle": {
      "trans_err": 1.428574852974873,
      "scale_err": 0.3723467702669792,
      "orient_err": 0.8454731184959241,
      "vel_err": 2.3287216084073026,
      "attr_err": 0.11248929145991969
    },
    "traffic_cone": {
      "trans_err": 0.8207198416800906,
      "scale_err": 0.43289044443364433,
      "orient_err": NaN,
      "vel_err": NaN,
      "attr_err": NaN
    },
    "barrier": {
      "trans_err": 0.6710122918151666,
      "scale_err": 0.4397392988283853,
      "orient_err": 0.20042851940824735,
      "vel_err": NaN,
      "attr_err": NaN
    }
  },
  "tp_errors": {
    "trans_err": 0.9528123767391898,
    "scale_err": 0.3216282482044412,
    "orient_err": 0.6520282614495183,
    "vel_err": 0.9313976081866413,
    "attr_err": 0.4747114841300947
  },
  "tp_scores": {
    "trans_err": 0.04718762326081016,
    "scale_err": 0.6783717517955588,
    "orient_err": 0.3479717385504817,
    "vel_err": 0.0686023918133587,
    "attr_err": 0.5252885158699053
  },
  "nd_score": 0.21827946580265087,
  "eval_time": 8.122946500778198,
  "cfg": {
    "class_range": {
      "car": 50,
      "truck": 50,
      "bus": 50,
      "trailer": 50,
      "construction_vehicle": 50,
      "pedestrian": 40,
      "motorcycle": 40,
      "bicycle": 40,
      "traffic_cone": 30,
      "barrier": 30
    },
    "dist_fcn": "center_distance",
    "dist_ths": [
      0.5,
      1.0,
      2.0,
      4.0
    ],
    "dist_th_tp": 2.0,
    "min_recall": 0.1,
    "min_precision": 0.1,
    "max_boxes_per_sample": 500,
    "mean_ap_weight": 5
  },
  "meta": {
    "use_lidar": false,
    "use_camera": true,
    "use_radar": true,
    "use_map": false,
    "use_external": false
  }
}