{
  "label_aps": {
    "car": {
      "0.5": 0.12085546118414307,
      "1.0": 0.2679560610010088,
      "2.0": 0.3901982651302419,
      "4.0": 0.42535417650249796
    },
    "truck": {
      "0.5": 0.12415899021369046,
      "1.0": 0.23574233881987477,
      "2.0": 0.499019383105077,
      "4.0": 0.7465925068993478
    },
    "bus": {
      "0.5": 0.019037389575935714,
      "1.0": 0.14904951350084059,
      "2.0": 0.262307221726871,
      "4.0": 0.38356376061040937
    },
    "trailer": {
      "0.5": 0.0,
      "1.0": 0.0,
      "2.0": 0.6586923576624272,
      "4.0": 0.6586923576624272
    },
    "construction_vehicle": {
      "0.5": 0.16807610609033177,
      "1.0": 0.5754068218043703,
      "2.0": 0.6091926805156556,
      "4.0": 0.6432797461857465
    },
    "pedestrian": {
      "0.5": 0.034169022525347884,
      "1.0": 0.07639381698702553,
      "2.0": 0.12054039507602868,
      "4.0": 0.16694761669513555
    },
    "motorcycle": {
      "0.5": 0.07936593725284216,
      "1.0": 0.15001014285090714,
      "2.0": 0.20197394579652042,
      "4.0": 0.21232997629494704
    },
    "bicycle": {
      "0.5": 0.07888107171662372,
      "1.0": 0.21470277751567657,
      "2.0": 0.28681314635852123,
      "4.0": 0.2969168275203931
    },
    "traffic_cone": {
      "0.5": 0.667299047688202,
      "1.0": 0.7449164939182988,
      "2.0": 0.7775349671636468,
      "4.0": 0.800422972908263
    },
    "barrier": {
      "0.5": 0.45817924816875477,
      "1.0": 0.7392330531675119,
      "2.0": 0.7928793495679468,
      "4.0": 0.8147739610729119
    }
  },
  "mean_dist_aps": {
    "car": 0.30109099095447295,
    "truck": 0.4013783047594975,
    "bus": 0.20348947135351414,
    "trailer": 0.3293461788312136,
    "construction_vehicle": 0.49898883864902605,
    "pedestrian": 0.09951271282088442,
    "motorcycle": 0.16092000054880418,
    "bicycle": 0.21932845577780363,
    "traffic_cone": 0.7475433704196026,
    "barrier": 0.7012664029942812
  },
  "mean_ap": 0.36628647271090997,
  "label_tp_errors": {
    "car": {
      "trans_err": 0.4703011222963694,
      "scale_err": 0.14887688141799857,
      "orient_err": 0.17245286837341683,
      "vel_err": 0.739162601932707,
      "attr_err": 0.1515764964906646
    },
    "truck": {
      "trans_err": 0.519987046582007,
      "scale_err": 0.212077518637406,
      "orient_err": 0.11304948777409748,
      "vel_err": 0.34788706708038275,
      "attr_err": 0.39424405045130473
    },
    "bus": {
      "trans_err": 0.6366926683593416,
      "scale_err": 0.2008706262458877,
      "orient_err": 0.14556921003730508,
      "vel_err": 1.268587837941651,
      "attr_err": 0.40991592165861185
    },
    "trailer": {
      "trans_err": 1.026405859569118,
      "scale_err": 0.34971140778376175,
      "orient_err": 0.2167648832803077,
      "vel_err": 0.18023660107661496,
      "attr_err": 0.792715841965273
    },
    "construction_vehicle": {
      "trans_err": 0.4612546336548778,
      "scale_err": 0.24101596758759883,
      "orient_err": 1.6961029016125373,
      "vel_err": 0.03141535585317937,
      "attr_err": 0.2439216078618492
    },
    "pedestrian": {
      "trans_err": 0.8141975510136555,
      "scale_err": 0.29164326933948354,
      "orient_err": 0.694822381150253,
      "vel_err": 0.5636458430619561,
      "attr_err": 0.19039143692754618
    },
    "motorcycle": {
      "trans_err": 0.40621711910114877,
      "scale_err": 0.22392922018229067,
      "orient_err": 0.3694561467288222,
      "vel_err": 0.20199408259566312,
      "attr_err": 0.3268887294084005
    },
    "bicycle": {
      "trans_err": 0.5577626998741403,
      "scale_err": 0.3046516506824024,
      "orient_err": 0.3732196899108963,
      "vel_err": 0.7988312356553859,
      "attr_err": 0.15067913380596681
    },
    "traffic_cone": {
      "trans_err": 0.2711086231957525,
      "scale_err": 0.3367592749725229,
      "orient_err": NaN,
      "vel_err": NaN,
      "attr_err": NaN
    },
    "barrier": {
      "trans_err": 0.3398343515008687,
      "scale_err": 0.3067682066936988,
      "orient_err": 0.09919393044921,
      "vel_err": NaN,
      "attr_err": NaN
    }
  },
  "tp_errors": {
    "trans_err": 0.550376167514728,
    "scale_err": 0.2616304023543051,
    "orient_err": 0.4311812777018718,
    "vel_err": 0.5164700781496926,
    "attr_err": 0.33254165232120214
  },
  "tp_scores": {
    "trans_err": 0.44962383248527205,
    "scale_err": 0.7383695976456949,
    "orient_err": 0.5688187222981282,
    "vel_err": 0.4835299218503074,
    "attr_err": 0.6674583476787979
  },
  "nd_score": 0.47392327855127514,
  "eval_time": 6.264917612075806,
  "cfg": {
    "class_range": {
      "car": 50,
      "truck": 50,
      "bus": 50,
      "trailer": 50,
      "construction_vehicle": 50,
      "pedestrian": 40,
      "motorcycle": 40,
      "bicycle": 40,
      "traffic_cone": 30,
      "barrier": 30
    },
    "dist_fcn": "center_distance",
    "dist_ths": [
      0.5,
      1.0,
      2.0,
      4.0
    ],
    "dist_th_tp": 2.0,
    "min_recall": 0.1,
    "min_precision": 0.1,
    "max_boxes_per_sample": 500,
    "mean_ap_weight": 5
  },
  "meta": {
    "use_lidar": false,
    "use_camera": true,
    "use_radar": true,
    "use_map": false,
    "use_external": false
  }
}