{
  "label_aps": {
    "car": {
      "0.5": 0.20870044999590362,
      "1.0": 0.3834156587150157,
      "2.0": 0.47111879551447794,
      "4.0": 0.5006501492288821
    },
    "truck": {
      "0.5": 0.22285480387118875,
      "1.0": 0.3675153433052098,
      "2.0": 0.5889335404744725,
      "4.0": 0.8369758198418303
    },
    "bus": {
      "0.5": 0.034350183713110514,
      "1.0": 0.22291460078016234,
      "2.0": 0.408483026051208,
      "4.0": 0.4440069105408446
    },
    "trailer": {
      "0.5": 0.0,
      "1.0": 0.011383903564786807,
      "2.0": 0.9238878342500716,
      "4.0": 0.9492679142553716
    },
    "construction_vehicle": {
      "0.5": 0.46392020624270686,
      "1.0": 0.636564882886294,
      "2.0": 0.6782082985632022,
      "4.0": 0.7395295781398709
    },
    "pedestrian": {
      "0.5": 0.04451427640429923,
      "1.0": 0.10261752506359581,
      "2.0": 0.15639839200139583,
      "4.0": 0.2057688696393165
    },
    "motorcycle": {
      "0.5": 0.09931059358581286,
      "1.0": 0.1918407589061217,
      "2.0": 0.22477921235190715,
      "4.0": 0.23203489872245525
    },
    "bicycle": {
      "0.5": 0.10973084759551663,
      "1.0": 0.2789381172706649,
      "2.0": 0.31550366799777974,
      "4.0": 0.3200651138731442
    },
    "traffic_cone": {
      "0.5": 0.6554591546372367,
      "1.0": 0.7496283281279368,
      "2.0": 0.785051610294858,
      "4.0": 0.8081000949545878
    },
    "barrier": {
      "0.5": 0.4620937986800935,
      "1.0": 0.7697983911224507,
      "2.0": 0.8079212547054307,
      "4.0": 0.8259824759453495
    }
  },
  "mean_dist_aps": {
    "car": 0.3909712633635698,
    "truck": 0.5040698768731754,
    "bus": 0.27743868027133134,
    "trailer": 0.4711349130175575,
    "construction_vehicle": 0.6295557414580184,
    "pedestrian": 0.12732476577715185,
    "motorcycle": 0.18699136589157422,
    "bicycle": 0.25605943668427633,
    "traffic_cone": 0.7495597970036548,
    "barrier": 0.7164489801133311
  },
  "mean_ap": 0.43095548204536416,
  "label_tp_errors": {
    "car": {
      "trans_err": 0.3756665440602466,
      "scale_err": 0.14711759221114323,
      "orient_err": 0.1454468779125263,
      "vel_err": 0.49867984574993585,
      "attr_err": 0.11565984136944074
    },
    "truck": {
      "trans_err": 0.41844706223104405,
      "scale_err": 0.19193720578947443,
      "orient_err": 0.09603585154192054,
      "vel_err": 0.318388694096592,
      "attr_err": 0.3631374230573894
    },
    "bus": {
      "trans_err": 0.603112927747616,
      "scale_err": 0.19698813739953708,
      "orient_err": 0.071669897780175,
      "vel_err": 0.6058537922213232,
      "attr_err": 0.0036875211059671873
    },
    "trailer": {
      "trans_err": 1.0334082891473437,
      "scale_err": 0.3168770288144424,
      "orient_err": 0.15988475342781103,
      "vel_err": 0.02444954939124723,
      "attr_err": 0.6983863264160188
    },
    "construction_vehicle": {
      "trans_err": 0.2955534679192176,
      "scale_err": 0.2786979260053134,
      "orient_err": 1.6458136860538468,
      "vel_err": 0.033532447306770886,
      "attr_err": 0.1854877241408407
    },
    "pedestrian": {
      "trans_err": 0.7600407110456029,
      "scale_err": 0.28850769740600773,
      "orient_err": 0.6499968691200342,
      "vel_err": 0.4977572228156925,
      "attr_err": 0.14522640322978547
    },
    "motorcycle": {
      "trans_err": 0.3555832834298216,
      "scale_err": 0.2296984987008926,
      "orient_err": 0.4524216481539217,
      "vel_err": 0.1898012928588901,
      "attr_err": 0.3298542709722078
    },
    "bicycle": {
      "trans_err": 0.4782491566652748,
      "scale_err": 0.2904282630632267,
      "orient_err": 0.42068950501269836,
      "vel_err": 0.685434757100868,
      "attr_err": 0.16144684621290725
    },
    "traffic_cone": {
      "trans_err": 0.28311064506409345,
      "scale_err": 0.3344569989034337,
      "orient_err": NaN,
      "vel_err": NaN,
      "attr_err": NaN
    },
    "barrier": {
      "trans_err": 0.332306525144265,
      "scale_err": 0.308393008789536,
      "orient_err": 0.09468422329191631,
      "vel_err": NaN,
      "attr_err": NaN
    }
  },
  "tp_errors": {
    "trans_err": 0.4935478612454526,
    "scale_err": 0.2583102357083007,
    "orient_err": 0.4151825902549834,
    "vel_err": 0.35673720019266497,
    "attr_err": 0.2503607945630697
  },
  "tp_scores": {
    "trans_err": 0.5064521387545474,
    "scale_err": 0.7416897642916993,
    "orient_err": 0.5848174097450166,
    "vel_err": 0.643262799807335,
    "attr_err": 0.7496392054369303
  },
  "nd_score": 0.5380638728262349,
  "eval_time": 6.032693147659302,
  "cfg": {
    "class_range": {
      "car": 50,
      "truck": 50,
      "bus": 50,
      "trailer": 50,
      "construction_vehicle": 50,
      "pedestrian": 40,
      "motorcycle": 40,
      "bicycle": 40,
      "traffic_cone": 30,
      "barrier": 30
    },
    "dist_fcn": "center_distance",
    "dist_ths": [
      0.5,
      1.0,
      2.0,
      4.0
    ],
    "dist_th_tp": 2.0,
    "min_recall": 0.1,
    "min_precision": 0.1,
    "max_boxes_per_sample": 500,
    "mean_ap_weight": 5
  },
  "meta": {
    "use_lidar": false,
    "use_camera": true,
    "use_radar": true,
    "use_map": false,
    "use_external": false
  }
}