{
  "label_aps": {
    "car": {
      "0.5": 0.12086364300664512,
      "1.0": 0.2679457493410277,
      "2.0": 0.39019961781797147,
      "4.0": 0.4253529140473674
    },
    "truck": {
      "0.5": 0.12415899021369046,
      "1.0": 0.23573715444540078,
      "2.0": 0.4990179231175503,
      "4.0": 0.7465846960574655
    },
    "bus": {
      "0.5": 0.019030166939825947,
      "1.0": 0.14904951350084059,
      "2.0": 0.2622997077524451,
      "4.0": 0.3835819392006594
    },
    "trailer": {
      "0.5": 0.0,
      "1.0": 0.0,
      "2.0": 0.6586923576624272,
      "4.0": 0.6586923576624272
    },
    "construction_vehicle": {
      "0.5": 0.16807610609033177,
      "1.0": 0.5754068218043703,
      "2.0": 0.6091926805156556,
      "4.0": 0.6432797461857465
    },
    "pedestrian": {
      "0.5": 0.03416472027275141,
      "1.0": 0.07640226890696411,
      "2.0": 0.12053951909727764,
      "4.0": 0.16697550438191347
    },
    "motorcycle": {
      "0.5": 0.07936593725284216,
      "1.0": 0.15001014285090714,
      "2.0": 0.20197394579652042,
      "4.0": 0.21232997629494704
    },
    "bicycle": {
      "0.5": 0.07888107171662372,
      "1.0": 0.21470277751567657,
      "2.0": 0.28681314635852123,
      "4.0": 0.2969168275203931
    },
    "traffic_cone": {
      "0.5": 0.6673630314589837,
      "1.0": 0.7449215547269152,
      "2.0": 0.7775763114080121,
      "4.0": 0.8003854177236922
    },
    "barrier": {
      "0.5": 0.45819866709645307,
      "1.0": 0.7392326851117195,
      "2.0": 0.7928598629658767,
      "4.0": 0.8147802348108745
    }
  },
  "mean_dist_aps": {
    "car": 0.301090481053253,
    "truck": 0.40137469095852674,
    "bus": 0.20349033184844276,
    "trailer": 0.3293461788312136,
    "construction_vehicle": 0.49898883864902605,
    "pedestrian": 0.09952050316472666,
    "motorcycle": 0.16092000054880418,
    "bicycle": 0.21932845577780363,
    "traffic_cone": 0.7475615788294008,
    "barrier": 0.701267862496231
  },
  "mean_ap": 0.3662888922157428,
  "label_tp_errors": {
    "car": {
      "trans_err": 0.4702862446730073,
      "scale_err": 0.14888060303930395,
      "orient_err": 0.1724691918467524,
      "vel_err": 0.7390864206355331,
      "attr_err": 0.15160578676521724
    },
    "truck": {
      "trans_err": 0.5199843806782916,
      "scale_err": 0.21207889883001463,
      "orient_err": 0.1130487211659062,
      "vel_err": 0.34795128700150574,
      "attr_err": 0.3942529660758809
    },
    "bus": {
      "trans_err": 0.6367006122374324,
      "scale_err": 0.20086738758884043,
      "orient_err": 0.1455730145306829,
      "vel_err": 1.2685851537988382,
      "attr_err": 0.4099189126490739
    },
    "trailer": {
      "trans_err": 1.026410808679302,
      "scale_err": 0.34971275399021656,
      "orient_err": 0.21676851953545567,
      "vel_err": 0.18023609333346305,
      "attr_err": 0.7927198963100383
    },
    "construction_vehicle": {
      "trans_err": 0.46124807804249135,
      "scale_err": 0.24102509954067547,
      "orient_err": 1.6961919025866796,
      "vel_err": 0.03141536007763117,
      "attr_err": 0.24392157676527362
    },
    "pedestrian": {
      "trans_err": 0.8141273392692533,
      "scale_err": 0.29162934703880006,
      "orient_err": 0.6948313732605921,
      "vel_err": 0.5636056080103833,
      "attr_err": 0.19031719585814505
    },
    "motorcycle": {
      "trans_err": 0.4062184798507394,
      "scale_err": 0.22393237647599204,
      "orient_err": 0.36945717718034504,
      "vel_err": 0.20199637470354315,
      "attr_err": 0.32688805438303564
    },
    "bicycle": {
      "trans_err": 0.5577468241348478,
      "scale_err": 0.3046105054449998,
      "orient_err": 0.37348239278219997,
      "vel_err": 0.7988330530510619,
      "attr_err": 0.1506785641874956
    },
    "traffic_cone": {
      "trans_err": 0.27112674302011286,
      "scale_err": 0.33676506678085066,
      "orient_err": NaN,
      "vel_err": NaN,
      "attr_err": NaN
    },
    "barrier": {
      "trans_err": 0.3398230386746398,
      "scale_err": 0.3067723972337829,
      "orient_err": 0.09919463529222287,
      "vel_err": NaN,
      "attr_err": NaN
    }
  },
  "tp_errors": {
    "trans_err": 0.5503672549260117,
    "scale_err": 0.26162744359634765,
    "orient_err": 0.4312241031312041,
    "vel_err": 0.516463668826495,
    "attr_err": 0.33253786912426997
  },
  "tp_scores": {
    "trans_err": 0.4496327450739883,
    "scale_err": 0.7383725564036523,
    "orient_err": 0.5687758968687959,
    "vel_err": 0.48353633117350503,
    "attr_err": 0.66746213087573
  },
  "nd_score": 0.47392241214743863,
  "eval_time": 6.252634286880493,
  "cfg": {
    "class_range": {
      "car": 50,
      "truck": 50,
      "bus": 50,
      "trailer": 50,
      "construction_vehicle": 50,
      "pedestrian": 40,
      "motorcycle": 40,
      "bicycle": 40,
      "traffic_cone": 30,
      "barrier": 30
    },
    "dist_fcn": "center_distance",
    "dist_ths": [
      0.5,
      1.0,
      2.0,
      4.0
    ],
    "dist_th_tp": 2.0,
    "min_recall": 0.1,
    "min_precision": 0.1,
    "max_boxes_per_sample": 500,
    "mean_ap_weight": 5
  },
  "meta": {
    "use_lidar": false,
    "use_camera": true,
    "use_radar": true,
    "use_map": false,
    "use_external": false
  }
}