{
  "label_aps": {
    "car": {
      "0.5": 0.1300652260699313,
      "1.0": 0.29718433709712594,
      "2.0": 0.42537902990397547,
      "4.0": 0.47054703777001416
    },
    "truck": {
      "0.5": 0.1704695674248003,
      "1.0": 0.31017640693354065,
      "2.0": 0.5137467046302451,
      "4.0": 0.8022835746516527
    },
    "bus": {
      "0.5": 0.02284104624778766,
      "1.0": 0.1569770820193273,
      "2.0": 0.3613619806606781,
      "4.0": 0.41530554561543803
    },
    "trailer": {
      "0.5": 0.0,
      "1.0": 0.011827916351725875,
      "2.0": 0.8997261467043824,
      "4.0": 0.9674822745741524
    },
    "construction_vehicle": {
      "0.5": 0.2790383697145453,
      "1.0": 0.617523821237794,
      "2.0": 0.6860421203057651,
      "4.0": 0.7378389570817925
    },
    "pedestrian": {
      "0.5": 0.03578931171637755,
      "1.0": 0.08603652156228193,
      "2.0": 0.1373610670196745,
      "4.0": 0.18524227663624188
    },
    "motorcycle": {
      "0.5": 0.08623239293170588,
      "1.0": 0.16373201945728394,
      "2.0": 0.19619658201612514,
      "4.0": 0.21269394578846898
    },
    "bicycle": {
      "0.5": 0.05422211717283552,
      "1.0": 0.2710087089814124,
      "2.0": 0.3084082066195735,
      "4.0": 0.32199766194564217
    },
    "traffic_cone": {
      "0.5": 0.6522900644689709,
      "1.0": 0.7450129179917884,
      "2.0": 0.7840540867623136,
      "4.0": 0.8098973911639032
    },
    "barrier": {
      "0.5": 0.455982948036532,
      "1.0": 0.7385285864284629,
      "2.0": 0.7952450167187111,
      "4.0": 0.8216906578358768
    }
  },
  "mean_dist_aps": {
    "car": 0.33079390771026174,
    "truck": 0.4491690634100597,
    "bus": 0.23912141363580774,
    "trailer": 0.4697590844075652,
    "construction_vehicle": 0.5801108170849743,
    "pedestrian": 0.11110729423364396,
    "motorcycle": 0.16471373504839598,
    "bicycle": 0.23890917367986592,
    "traffic_cone": 0.747813615096744,
    "barrier": 0.7028618022548957
  },
  "mean_ap": 0.4034359906562214,
  "label_tp_errors": {
    "car": {
      "trans_err": 0.4660337584497982,
      "scale_err": 0.14942350592347717,
      "orient_err": 0.16870712599362417,
      "vel_err": 0.6024433471583724,
      "attr_err": 0.13104644255804415
    },
    "truck": {
      "trans_err": 0.46330742743775244,
      "scale_err": 0.19266054993247714,
      "orient_err": 0.10837232833933731,
      "vel_err": 0.3294402782519687,
      "attr_err": 0.35461504049884823
    },
    "bus": {
      "trans_err": 0.6914981829219984,
      "scale_err": 0.19419845650013154,
      "orient_err": 0.10638395975608862,
      "vel_err": 0.7388470373955003,
      "attr_err": 0.04806749084474041
    },
    "trailer": {
      "trans_err": 1.1446321724248032,
      "scale_err": 0.31696386617406513,
      "orient_err": 0.12551233061927272,
      "vel_err": 0.009917433897878638,
      "attr_err": 0.6672870745820235
    },
    "construction_vehicle": {
      "trans_err": 0.4039726163634355,
      "scale_err": 0.245300534705329,
      "orient_err": 1.625214226184941,
      "vel_err": 0.031897256657866496,
      "attr_err": 0.22718239404610224
    },
    "pedestrian": {
      "trans_err": 0.8000088804092073,
      "scale_err": 0.29073631624999396,
      "orient_err": 0.7171843081448397,
      "vel_err": 0.5407803185315796,
      "attr_err": 0.17596779142151692
    },
    "motorcycle": {
      "trans_err": 0.3906121028698404,
      "scale_err": 0.2149453716325854,
      "orient_err": 0.4058456383425015,
      "vel_err": 0.18177091594289085,
      "attr_err": 0.3293878669786921
    },
    "bicycle": {
      "trans_err": 0.4970646571434705,
      "scale_err": 0.28855376588151926,
      "orient_err": 0.36442394234035635,
      "vel_err": 0.7147032151224325,
      "attr_err": 0.16215225631417116
    },
    "traffic_cone": {
      "trans_err": 0.2890160120487971,
      "scale_err": 0.34036808121893997,
      "orient_err": NaN,
      "vel_err": NaN,
      "attr_err": NaN
    },
    "barrier": {
      "trans_err": 0.3530892162909225,
      "scale_err": 0.3088883726395498,
      "orient_err": 0.10165248533046294,
      "vel_err": NaN,
      "attr_err": NaN
    }
  },
  "tp_errors": {
    "trans_err": 0.5499235026360025,
    "scale_err": 0.25420388208580685,
    "orient_err": 0.41369959389460276,
    "vel_err": 0.3937249753698112,
    "attr_err": 0.2619632946555173
  },
  "tp_scores": {
    "trans_err": 0.45007649736399746,
    "scale_err": 0.7457961179141932,
    "orient_err": 0.5863004061053972,
    "vel_err": 0.6062750246301888,
    "attr_err": 0.7380367053444827
  },
  "nd_score": 0.5143664704639367,
  "eval_time": 6.181368589401245,
  "cfg": {
    "class_range": {
      "car": 50,
      "truck": 50,
      "bus": 50,
      "trailer": 50,
      "construction_vehicle": 50,
      "pedestrian": 40,
      "motorcycle": 40,
      "bicycle": 40,
      "traffic_cone": 30,
      "barrier": 30
    },
    "dist_fcn": "center_distance",
    "dist_ths": [
      0.5,
      1.0,
      2.0,
      4.0
    ],
    "dist_th_tp": 2.0,
    "min_recall": 0.1,
    "min_precision": 0.1,
    "max_boxes_per_sample": 500,
    "mean_ap_weight": 5
  },
  "meta": {
    "use_lidar": false,
    "use_camera": true,
    "use_radar": true,
    "use_map": false,
    "use_external": false
  }
}